product_id,product_name,category,subcategory,brand,description,price,rating,stock,created_at
P00001,Standard Sports 1,Sports,Equipment,Standard,"High-quality sports product. Features durability, style, and value.",962.21,3.3,565,2026-04-08
P00002,Elite Beauty 2,Beauty,Fragrances,Elite,"High-quality beauty product. Features durability, style, and value.",30.22,3.1,475,2026-02-25
P00003,Budget Toys 3,Toys,Board Games,Budget,"High-quality toys product. Features durability, style, and value.",573.33,3.2,87,2026-06-24
P00004,BrandA Fashion 4,Fashion,Shoes,BrandA,"High-quality fashion product. Features durability, style, and value.",778.66,2.4,464,2026-03-14
P00005,BrandD Electronics 5,Electronics,Tablets,BrandD,"High-quality electronics product. Features durability, style, and value.",653.77,3.6,201,2026-05-01
P00006,Budget Food 6,Food,Organic,Budget,"High-quality food product. Features durability, style, and value.",457.93,2.2,510,2026-02-26
P00007,BrandC Fashion 7,Fashion,Accessories,BrandC,"High-quality fashion product. Features durability, style, and value.",44.0,4.3,552,2026-04-06
P00008,BrandC Electronics 8,Electronics,Accessories,BrandC,"High-quality electronics product. Features durability, style, and value.",743.1,4.4,40,2026-03-14
P00009,Luxury Books 9,Books,Self-Help,Luxury,"High-quality books product. Features durability, style, and value.",878.94,4.6,76,2026-04-28
P00010,BrandC Electronics 10,Electronics,Tablets,BrandC,"High-quality electronics product. Features durability, style, and value.",634.74,2.4,271,2026-06-20
P00011,Standard Home & Garden 11,Home & Garden,Bedding,Standard,"High-quality home & garden product. Features durability, style, and value.",846.65,4.4,71,2026-05-08
P00012,BrandC Books 12,Books,Educational,BrandC,"High-quality books product. Features durability, style, and value.",346.89,3.0,686,2026-04-18
P00013,Standard Sports 13,Sports,Accessories,Standard,"High-quality sports product. Features durability, style, and value.",663.7,3.2,700,2026-07-12
P00014,BrandB Electronics 14,Electronics,Smartphones,BrandB,"High-quality electronics product. Features durability, style, and value.",177.52,4.8,503,2026-04-02
P00015,Budget Food 15,Food,Snacks,Budget,"High-quality food product. Features durability, style, and value.",361.54,3.4,467,2026-03-01
P00016,BrandD Toys 16,Toys,Board Games,BrandD,"High-quality toys product. Features durability, style, and value.",648.44,3.2,110,2026-08-17
P00017,Premium Electronics 17,Electronics,Laptops,Premium,"High-quality electronics product. Features durability, style, and value.",800.84,2.5,791,2026-06-06
P00018,BrandD Food 18,Food,Organic,BrandD,"High-quality food product. Features durability, style, and value.",831.43,2.5,444,2026-04-22
P00019,BrandA Food 19,Food,Specialty,BrandA,"High-quality food product. Features durability, style, and value.",498.28,2.4,42,2026-06-26
P00020,Standard Food 20,Food,Beverages,Standard,"High-quality food product. Features durability, style, and value.",423.27,3.1,273,2026-03-19
P00021,Elite Beauty 21,Beauty,Makeup,Elite,"High-quality beauty product. Features durability, style, and value.",808.83,5.0,147,2026-04-15
P00022,Budget Electronics 22,Electronics,Accessories,Budget,"High-quality electronics product. Features durability, style, and value.",487.15,4.3,733,2026-08-07
P00023,Budget Food 23,Food,Snacks,Budget,"High-quality food product. Features durability, style, and value.",690.09,2.5,819,2026-08-03
P00024,Elite Electronics 24,Electronics,Smartphones,Elite,"High-quality electronics product. Features durability, style, and value.",410.02,3.6,540,2026-07-23
P00025,Luxury Fashion 25,Fashion,Women's Clothing,Luxury,"High-quality fashion product. Features durability, style, and value.",83.08,3.4,192,2026-06-15
P00026,Premium Books 26,Books,Fiction,Premium,"High-quality books product. Features durability, style, and value.",149.39,3.3,898,2026-04-13
P00027,Standard Beauty 27,Beauty,Skincare,Standard,"High-quality beauty product. Features durability, style, and value.",863.79,2.8,805,2026-03-25
P00028,BrandD Beauty 28,Beauty,Makeup,BrandD,"High-quality beauty product. Features durability, style, and value.",510.75,2.3,893,2026-03-09
P00029,BrandD Fashion 29,Fashion,Women's Clothing,BrandD,"High-quality fashion product. Features durability, style, and value.",471.17,3.2,832,2026-07-07
P00030,BrandD Toys 30,Toys,Action Figures,BrandD,"High-quality toys product. Features durability, style, and value.",97.48,4.7,90,2026-04-16
P00031,BrandD Beauty 31,Beauty,Makeup,BrandD,"High-quality beauty product. Features durability, style, and value.",358.49,2.2,394,2026-07-10
P00032,Budget Electronics 32,Electronics,Laptops,Budget,"High-quality electronics product. Features durability, style, and value.",557.87,4.7,31,2026-03-18
P00033,Luxury Fashion 33,Fashion,Shoes,Luxury,"High-quality fashion product. Features durability, style, and value.",288.32,3.9,977,2026-03-11
P00034,Budget Beauty 34,Beauty,Haircare,Budget,"High-quality beauty product. Features durability, style, and value.",165.88,2.8,344,2026-05-14
P00035,Elite Home & Garden 35,Home & Garden,Kitchen,Elite,"High-quality home & garden product. Features durability, style, and value.",965.48,2.9,971,2026-02-22
P00036,Elite Fashion 36,Fashion,Shoes,Elite,"High-quality fashion product. Features durability, style, and value.",616.0,2.5,847,2026-03-01
P00037,BrandA Beauty 37,Beauty,Skincare,BrandA,"High-quality beauty product. Features durability, style, and value.",91.03,4.9,976,2026-03-02
P00038,Luxury Home & Garden 38,Home & Garden,Furniture,Luxury,"High-quality home & garden product. Features durability, style, and value.",407.85,2.7,926,2026-07-10
P00039,Elite Toys 39,Toys,Action Figures,Elite,"High-quality toys product. Features durability, style, and value.",293.34,2.4,550,2026-04-22
P00040,BrandD Electronics 40,Electronics,Accessories,BrandD,"High-quality electronics product. Features durability, style, and value.",657.11,3.0,204,2026-06-22
P00041,Elite Books 41,Books,Non-Fiction,Elite,"High-quality books product. Features durability, style, and value.",373.84,4.9,865,2026-06-18
P00042,BrandD Food 42,Food,Beverages,BrandD,"High-quality food product. Features durability, style, and value.",304.31,3.5,261,2026-02-20
P00043,Budget Home & Garden 43,Home & Garden,Bedding,Budget,"High-quality home & garden product. Features durability, style, and value.",740.14,3.7,676,2026-03-29
P00044,Elite Toys 44,Toys,Action Figures,Elite,"High-quality toys product. Features durability, style, and value.",603.27,4.2,679,2026-03-12
P00045,Budget Books 45,Books,Educational,Budget,"High-quality books product. Features durability, style, and value.",421.76,4.4,227,2026-04-25
P00046,Elite Beauty 46,Beauty,Makeup,Elite,"High-quality beauty product. Features durability, style, and value.",52.29,3.6,395,2026-05-15
P00047,Budget Home & Garden 47,Home & Garden,Bedding,Budget,"High-quality home & garden product. Features durability, style, and value.",650.41,4.5,880,2026-03-28
P00048,BrandE Fashion 48,Fashion,Women's Clothing,BrandE,"High-quality fashion product. Features durability, style, and value.",653.24,4.4,379,2026-06-04
P00049,BrandE Books 49,Books,Self-Help,BrandE,"High-quality books product. Features durability, style, and value.",162.41,4.3,291,2026-03-01
P00050,BrandD Fashion 50,Fashion,Accessories,BrandD,"High-quality fashion product. Features durability, style, and value.",739.14,2.2,669,2026-05-05
P00051,BrandE Sports 51,Sports,Equipment,BrandE,"High-quality sports product. Features durability, style, and value.",320.48,3.1,248,2026-05-28
P00052,BrandA Electronics 52,Electronics,Smartphones,BrandA,"High-quality electronics product. Features durability, style, and value.",830.28,3.2,88,2026-03-30
P00053,BrandD Food 53,Food,Specialty,BrandD,"High-quality food product. Features durability, style, and value.",275.47,3.8,731,2026-04-09
P00054,BrandC Books 54,Books,Educational,BrandC,"High-quality books product. Features durability, style, and value.",454.19,4.6,645,2026-06-12
P00055,BrandD Food 55,Food,Beverages,BrandD,"High-quality food product. Features durability, style, and value.",597.69,3.3,472,2026-07-04
P00056,Luxury Beauty 56,Beauty,Makeup,Luxury,"High-quality beauty product. Features durability, style, and value.",965.98,4.5,725,2026-04-30
P00057,BrandB Food 57,Food,Specialty,BrandB,"High-quality food product. Features durability, style, and value.",847.11,2.0,110,2026-06-08
P00058,BrandD Beauty 58,Beauty,Makeup,BrandD,"High-quality beauty product. Features durability, style, and value.",583.1,2.4,861,2026-06-28
P00059,Elite Home & Garden 59,Home & Garden,Kitchen,Elite,"High-quality home & garden product. Features durability, style, and value.",438.56,3.3,524,2026-07-02
P00060,Luxury Toys 60,Toys,Board Games,Luxury,"High-quality toys product. Features durability, style, and value.",856.45,2.6,832,2026-03-29
P00061,BrandE Books 61,Books,Self-Help,BrandE,"High-quality books product. Features durability, style, and value.",372.02,2.8,633,2026-06-03
P00062,BrandB Toys 62,Toys,Building Blocks,BrandB,"High-quality toys product. Features durability, style, and value.",374.68,4.5,767,2026-03-29
P00063,BrandB Books 63,Books,Educational,BrandB,"High-quality books product. Features durability, style, and value.",968.92,3.5,251,2026-07-09
P00064,BrandB Electronics 64,Electronics,Laptops,BrandB,"High-quality electronics product. Features durability, style, and value.",100.7,2.0,466,2026-03-01
P00065,Luxury Fashion 65,Fashion,Men's Clothing,Luxury,"High-quality fashion product. Features durability, style, and value.",667.54,2.9,830,2026-03-24
P00066,Budget Home & Garden 66,Home & Garden,Furniture,Budget,"High-quality home & garden product. Features durability, style, and value.",946.0,4.5,129,2026-08-09
P00067,BrandC Toys 67,Toys,Puzzles,BrandC,"High-quality toys product. Features durability, style, and value.",208.23,3.9,584,2026-04-20
P00068,Budget Food 68,Food,Beverages,Budget,"High-quality food product. Features durability, style, and value.",192.12,4.7,953,2026-06-10
P00069,BrandE Home & Garden 69,Home & Garden,Bedding,BrandE,"High-quality home & garden product. Features durability, style, and value.",244.84,3.8,870,2026-06-13
P00070,Standard Food 70,Food,Organic,Standard,"High-quality food product. Features durability, style, and value.",85.9,2.6,682,2026-04-05
P00071,Luxury Books 71,Books,Fiction,Luxury,"High-quality books product. Features durability, style, and value.",463.63,3.2,321,2026-02-21
P00072,Budget Home & Garden 72,Home & Garden,Bedding,Budget,"High-quality home & garden product. Features durability, style, and value.",780.29,3.3,538,2026-07-01
P00073,BrandA Fashion 73,Fashion,Accessories,BrandA,"High-quality fashion product. Features durability, style, and value.",306.77,4.1,199,2026-05-10
P00074,Elite Beauty 74,Beauty,Fragrances,Elite,"High-quality beauty product. Features durability, style, and value.",17.15,4.2,149,2026-06-28
P00075,Standard Fashion 75,Fashion,Men's Clothing,Standard,"High-quality fashion product. Features durability, style, and value.",518.19,2.6,25,2026-06-01
P00076,Luxury Electronics 76,Electronics,Smartphones,Luxury,"High-quality electronics product. Features durability, style, and value.",363.16,3.5,692,2026-07-13
P00077,BrandE Books 77,Books,Fiction,BrandE,"High-quality books product. Features durability, style, and value.",856.82,2.1,8,2026-08-16
P00078,Premium Beauty 78,Beauty,Fragrances,Premium,"High-quality beauty product. Features durability, style, and value.",622.91,2.2,847,2026-05-10
P00079,Elite Sports 79,Sports,Athletic Wear,Elite,"High-quality sports product. Features durability, style, and value.",754.38,4.5,394,2026-08-12
P00080,BrandA Electronics 80,Electronics,Laptops,BrandA,"High-quality electronics product. Features durability, style, and value.",303.77,3.5,663,2026-02-26
P00081,BrandE Electronics 81,Electronics,Laptops,BrandE,"High-quality electronics product. Features durability, style, and value.",302.27,2.8,262,2026-07-01
P00082,Elite Books 82,Books,Fiction,Elite,"High-quality books product. Features durability, style, and value.",802.43,4.7,819,2026-04-08
P00083,BrandC Food 83,Food,Beverages,BrandC,"High-quality food product. Features durability, style, and value.",680.77,4.1,91,2026-03-05
P00084,BrandE Food 84,Food,Snacks,BrandE,"High-quality food product. Features durability, style, and value.",658.03,2.7,529,2026-03-15
P00085,BrandB Home & Garden 85,Home & Garden,Decor,BrandB,"High-quality home & garden product. Features durability, style, and value.",908.84,3.5,775,2026-07-22
P00086,Premium Electronics 86,Electronics,Laptops,Premium,"High-quality electronics product. Features durability, style, and value.",470.89,2.7,628,2026-05-11
P00087,Elite Food 87,Food,Beverages,Elite,"High-quality food product. Features durability, style, and value.",233.31,2.7,39,2026-03-08
P00088,BrandC Food 88,Food,Specialty,BrandC,"High-quality food product. Features durability, style, and value.",478.16,2.8,690,2026-07-24
P00089,BrandD Fashion 89,Fashion,Men's Clothing,BrandD,"High-quality fashion product. Features durability, style, and value.",126.27,3.3,27,2026-04-24
P00090,BrandB Fashion 90,Fashion,Men's Clothing,BrandB,"High-quality fashion product. Features durability, style, and value.",498.1,4.1,556,2026-08-09
P00091,BrandC Fashion 91,Fashion,Men's Clothing,BrandC,"High-quality fashion product. Features durability, style, and value.",336.24,2.0,262,2026-07-03
P00092,BrandD Books 92,Books,Non-Fiction,BrandD,"High-quality books product. Features durability, style, and value.",726.83,3.6,690,2026-06-11
P00093,BrandA Fashion 93,Fashion,Men's Clothing,BrandA,"High-quality fashion product. Features durability, style, and value.",565.96,2.4,224,2026-05-08
P00094,Luxury Fashion 94,Fashion,Accessories,Luxury,"High-quality fashion product. Features durability, style, and value.",772.47,3.8,628,2026-07-24
P00095,Elite Books 95,Books,Fiction,Elite,"High-quality books product. Features durability, style, and value.",990.59,4.4,907,2026-07-14
P00096,Budget Food 96,Food,Beverages,Budget,"High-quality food product. Features durability, style, and value.",257.99,2.6,783,2026-05-12
P00097,Luxury Toys 97,Toys,Puzzles,Luxury,"High-quality toys product. Features durability, style, and value.",681.67,4.6,64,2026-06-01
P00098,Elite Toys 98,Toys,Puzzles,Elite,"High-quality toys product. Features durability, style, and value.",865.55,4.3,413,2026-03-01
P00099,BrandE Beauty 99,Beauty,Fragrances,BrandE,"High-quality beauty product. Features durability, style, and value.",395.62,4.2,354,2026-03-10
P00100,BrandC Beauty 100,Beauty,Makeup,BrandC,"High-quality beauty product. Features durability, style, and value.",320.68,2.5,969,2026-07-26
P00101,Luxury Sports 101,Sports,Accessories,Luxury,"High-quality sports product. Features durability, style, and value.",634.23,2.6,721,2026-05-05
P00102,BrandE Books 102,Books,Educational,BrandE,"High-quality books product. Features durability, style, and value.",393.81,3.0,626,2026-03-13
P00103,BrandB Books 103,Books,Fiction,BrandB,"High-quality books product. Features durability, style, and value.",944.48,4.1,403,2026-07-02
P00104,Luxury Home & Garden 104,Home & Garden,Furniture,Luxury,"High-quality home & garden product. Features durability, style, and value.",219.68,3.2,301,2026-05-19
P00105,Premium Electronics 105,Electronics,Accessories,Premium,"High-quality electronics product. Features durability, style, and value.",27.18,3.0,1,2026-08-08
P00106,Luxury Sports 106,Sports,Footwear,Luxury,"High-quality sports product. Features durability, style, and value.",145.75,3.0,26,2026-03-26
P00107,Luxury Books 107,Books,Educational,Luxury,"High-quality books product. Features durability, style, and value.",862.41,4.6,553,2026-08-03
P00108,Elite Home & Garden 108,Home & Garden,Kitchen,Elite,"High-quality home & garden product. Features durability, style, and value.",444.87,4.8,941,2026-07-19
P00109,BrandC Toys 109,Toys,Board Games,BrandC,"High-quality toys product. Features durability, style, and value.",639.3,2.9,765,2026-05-19
P00110,BrandA Sports 110,Sports,Footwear,BrandA,"High-quality sports product. Features durability, style, and value.",335.42,4.2,96,2026-03-03
P00111,Standard Toys 111,Toys,Board Games,Standard,"High-quality toys product. Features durability, style, and value.",498.37,4.8,619,2026-03-03
P00112,Luxury Home & Garden 112,Home & Garden,Bedding,Luxury,"High-quality home & garden product. Features durability, style, and value.",732.53,2.5,461,2026-02-23
P00113,BrandC Beauty 113,Beauty,Skincare,BrandC,"High-quality beauty product. Features durability, style, and value.",75.01,4.3,865,2026-03-14
P00114,BrandE Food 114,Food,Specialty,BrandE,"High-quality food product. Features durability, style, and value.",545.26,3.0,679,2026-05-30
P00115,BrandC Beauty 115,Beauty,Haircare,BrandC,"High-quality beauty product. Features durability, style, and value.",57.09,4.9,63,2026-07-19
P00116,Standard Sports 116,Sports,Accessories,Standard,"High-quality sports product. Features durability, style, and value.",818.38,3.7,222,2026-04-01
P00117,Budget Beauty 117,Beauty,Fragrances,Budget,"High-quality beauty product. Features durability, style, and value.",341.22,2.8,984,2026-07-16
P00118,Standard Sports 118,Sports,Athletic Wear,Standard,"High-quality sports product. Features durability, style, and value.",216.16,3.9,597,2026-08-04
P00119,Standard Sports 119,Sports,Accessories,Standard,"High-quality sports product. Features durability, style, and value.",249.72,3.0,495,2026-07-06
P00120,Elite Home & Garden 120,Home & Garden,Kitchen,Elite,"High-quality home & garden product. Features durability, style, and value.",116.08,4.6,291,2026-07-20
P00121,BrandE Food 121,Food,Specialty,BrandE,"High-quality food product. Features durability, style, and value.",850.5,4.0,706,2026-06-28
P00122,BrandE Electronics 122,Electronics,Accessories,BrandE,"High-quality electronics product. Features durability, style, and value.",895.13,2.7,694,2026-02-19
P00123,Elite Food 123,Food,Specialty,Elite,"High-quality food product. Features durability, style, and value.",364.14,4.6,926,2026-07-04
P00124,BrandE Beauty 124,Beauty,Haircare,BrandE,"High-quality beauty product. Features durability, style, and value.",600.89,4.8,134,2026-05-05
P00125,Elite Food 125,Food,Organic,Elite,"High-quality food product. Features durability, style, and value.",974.22,2.2,284,2026-06-09
P00126,Premium Fashion 126,Fashion,Men's Clothing,Premium,"High-quality fashion product. Features durability, style, and value.",743.66,2.3,742,2026-05-31
P00127,BrandA Food 127,Food,Snacks,BrandA,"High-quality food product. Features durability, style, and value.",615.29,4.9,394,2026-05-31
P00128,BrandB Home & Garden 128,Home & Garden,Bedding,BrandB,"High-quality home & garden product. Features durability, style, and value.",367.86,2.4,287,2026-08-14
P00129,BrandA Fashion 129,Fashion,Accessories,BrandA,"High-quality fashion product. Features durability, style, and value.",749.58,4.4,947,2026-04-12
P00130,BrandA Electronics 130,Electronics,Smartphones,BrandA,"High-quality electronics product. Features durability, style, and value.",908.69,4.3,104,2026-05-05
P00131,Luxury Sports 131,Sports,Accessories,Luxury,"High-quality sports product. Features durability, style, and value.",627.26,4.6,202,2026-03-27
P00132,BrandD Books 132,Books,Non-Fiction,BrandD,"High-quality books product. Features durability, style, and value.",507.21,4.4,609,2026-04-06
P00133,Premium Toys 133,Toys,Board Games,Premium,"High-quality toys product. Features durability, style, and value.",508.14,2.9,672,2026-06-11
P00134,BrandB Beauty 134,Beauty,Skincare,BrandB,"High-quality beauty product. Features durability, style, and value.",402.96,2.1,482,2026-05-04
P00135,Budget Toys 135,Toys,Building Blocks,Budget,"High-quality toys product. Features durability, style, and value.",884.7,2.7,265,2026-04-17
P00136,BrandE Electronics 136,Electronics,Accessories,BrandE,"High-quality electronics product. Features durability, style, and value.",212.65,3.9,185,2026-07-12
P00137,Elite Home & Garden 137,Home & Garden,Furniture,Elite,"High-quality home & garden product. Features durability, style, and value.",336.87,4.3,871,2026-03-14
P00138,Standard Beauty 138,Beauty,Fragrances,Standard,"High-quality beauty product. Features durability, style, and value.",656.13,3.0,391,2026-05-15
P00139,Elite Food 139,Food,Beverages,Elite,"High-quality food product. Features durability, style, and value.",675.33,2.8,600,2026-08-02
P00140,BrandA Home & Garden 140,Home & Garden,Furniture,BrandA,"High-quality home & garden product. Features durability, style, and value.",87.45,3.2,57,2026-05-20
P00141,BrandE Beauty 141,Beauty,Haircare,BrandE,"High-quality beauty product. Features durability, style, and value.",499.34,4.8,260,2026-02-21
P00142,BrandA Toys 142,Toys,Action Figures,BrandA,"High-quality toys product. Features durability, style, and value.",689.43,3.6,29,2026-06-05
P00143,Elite Electronics 143,Electronics,Smartphones,Elite,"High-quality electronics product. Features durability, style, and value.",601.19,3.3,284,2026-08-14
P00144,BrandC Toys 144,Toys,Action Figures,BrandC,"High-quality toys product. Features durability, style, and value.",891.59,4.3,13,2026-07-03
P00145,BrandD Beauty 145,Beauty,Fragrances,BrandD,"High-quality beauty product. Features durability, style, and value.",530.73,2.6,384,2026-05-26
P00146,BrandE Books 146,Books,Fiction,BrandE,"High-quality books product. Features durability, style, and value.",762.25,2.9,711,2026-05-31
P00147,BrandA Home & Garden 147,Home & Garden,Bedding,BrandA,"High-quality home & garden product. Features durability, style, and value.",149.66,2.8,368,2026-06-23
P00148,Elite Toys 148,Toys,Board Games,Elite,"High-quality toys product. Features durability, style, and value.",737.17,5.0,716,2026-07-21
P00149,BrandA Home & Garden 149,Home & Garden,Bedding,BrandA,"High-quality home & garden product. Features durability, style, and value.",244.81,3.5,436,2026-06-15
P00150,BrandB Toys 150,Toys,Action Figures,BrandB,"High-quality toys product. Features durability, style, and value.",108.44,3.6,740,2026-04-03
P00151,BrandE Food 151,Food,Organic,BrandE,"High-quality food product. Features durability, style, and value.",752.44,3.7,338,2026-06-26
P00152,BrandC Books 152,Books,Educational,BrandC,"High-quality books product. Features durability, style, and value.",636.26,5.0,954,2026-07-28
P00153,Premium Electronics 153,Electronics,Accessories,Premium,"High-quality electronics product. Features durability, style, and value.",409.21,4.6,102,2026-07-17
P00154,BrandC Fashion 154,Fashion,Shoes,BrandC,"High-quality fashion product. Features durability, style, and value.",117.44,4.5,973,2026-03-08
P00155,BrandE Toys 155,Toys,Building Blocks,BrandE,"High-quality toys product. Features durability, style, and value.",465.59,2.8,952,2026-02-26
P00156,Luxury Sports 156,Sports,Athletic Wear,Luxury,"High-quality sports product. Features durability, style, and value.",15.2,2.2,425,2026-05-08
P00157,BrandB Food 157,Food,Snacks,BrandB,"High-quality food product. Features durability, style, and value.",970.78,3.1,674,2026-07-10
P00158,Luxury Electronics 158,Electronics,Accessories,Luxury,"High-quality electronics product. Features durability, style, and value.",708.31,2.1,442,2026-06-12
P00159,Standard Toys 159,Toys,Board Games,Standard,"High-quality toys product. Features durability, style, and value.",984.08,3.9,288,2026-03-29
P00160,Premium Toys 160,Toys,Board Games,Premium,"High-quality toys product. Features durability, style, and value.",848.23,4.7,159,2026-04-18
P00161,BrandB Sports 161,Sports,Footwear,BrandB,"High-quality sports product. Features durability, style, and value.",197.49,3.5,862,2026-07-16
P00162,Luxury Sports 162,Sports,Equipment,Luxury,"High-quality sports product. Features durability, style, and value.",156.56,2.8,241,2026-08-11
P00163,BrandB Food 163,Food,Specialty,BrandB,"High-quality food product. Features durability, style, and value.",946.63,2.3,609,2026-08-02
P00164,BrandB Food 164,Food,Organic,BrandB,"High-quality food product. Features durability, style, and value.",389.62,4.4,232,2026-04-06
P00165,BrandB Home & Garden 165,Home & Garden,Kitchen,BrandB,"High-quality home & garden product. Features durability, style, and value.",461.05,2.7,202,2026-03-19
P00166,Standard Toys 166,Toys,Action Figures,Standard,"High-quality toys product. Features durability, style, and value.",466.39,3.6,707,2026-05-26
P00167,Elite Toys 167,Toys,Building Blocks,Elite,"High-quality toys product. Features durability, style, and value.",298.2,4.2,881,2026-07-10
P00168,Premium Beauty 168,Beauty,Skincare,Premium,"High-quality beauty product. Features durability, style, and value.",939.76,4.9,945,2026-03-23
P00169,BrandA Books 169,Books,Non-Fiction,BrandA,"High-quality books product. Features durability, style, and value.",498.83,3.4,339,2026-05-04
P00170,Elite Toys 170,Toys,Building Blocks,Elite,"High-quality toys product. Features durability, style, and value.",31.88,3.7,145,2026-08-10
P00171,Elite Food 171,Food,Beverages,Elite,"High-quality food product. Features durability, style, and value.",379.75,3.5,533,2026-06-17
P00172,Elite Toys 172,Toys,Action Figures,Elite,"High-quality toys product. Features durability, style, and value.",102.47,3.4,887,2026-07-06
P00173,Standard Home & Garden 173,Home & Garden,Kitchen,Standard,"High-quality home & garden product. Features durability, style, and value.",71.88,4.0,74,2026-06-30
P00174,BrandC Beauty 174,Beauty,Fragrances,BrandC,"High-quality beauty product. Features durability, style, and value.",842.44,4.7,482,2026-08-17
P00175,Luxury Food 175,Food,Specialty,Luxury,"High-quality food product. Features durability, style, and value.",828.89,3.8,185,2026-07-09
P00176,BrandC Electronics 176,Electronics,Laptops,BrandC,"High-quality electronics product. Features durability, style, and value.",487.57,2.6,603,2026-08-13
P00177,Standard Fashion 177,Fashion,Women's Clothing,Standard,"High-quality fashion product. Features durability, style, and value.",793.82,3.4,238,2026-06-07
P00178,BrandD Sports 178,Sports,Equipment,BrandD,"High-quality sports product. Features durability, style, and value.",625.83,4.9,631,2026-07-17
P00179,Elite Food 179,Food,Specialty,Elite,"High-quality food product. Features durability, style, and value.",245.9,4.1,835,2026-04-29
P00180,BrandA Home & Garden 180,Home & Garden,Decor,BrandA,"High-quality home & garden product. Features durability, style, and value.",614.21,5.0,497,2026-02-25
P00181,Elite Toys 181,Toys,Building Blocks,Elite,"High-quality toys product. Features durability, style, and value.",877.82,4.4,393,2026-07-22
P00182,Standard Food 182,Food,Snacks,Standard,"High-quality food product. Features durability, style, and value.",101.85,4.0,92,2026-06-20
P00183,BrandC Sports 183,Sports,Footwear,BrandC,"High-quality sports product. Features durability, style, and value.",976.31,2.7,162,2026-08-10
P00184,BrandB Home & Garden 184,Home & Garden,Furniture,BrandB,"High-quality home & garden product. Features durability, style, and value.",591.26,4.4,810,2026-08-09
P00185,BrandC Electronics 185,Electronics,Laptops,BrandC,"High-quality electronics product. Features durability, style, and value.",90.84,3.1,929,2026-06-24
P00186,Luxury Fashion 186,Fashion,Shoes,Luxury,"High-quality fashion product. Features durability, style, and value.",470.5,3.2,359,2026-06-19
P00187,Premium Books 187,Books,Self-Help,Premium,"High-quality books product. Features durability, style, and value.",145.97,3.9,489,2026-06-11
P00188,Elite Home & Garden 188,Home & Garden,Decor,Elite,"High-quality home & garden product. Features durability, style, and value.",625.26,2.3,438,2026-03-20
P00189,Standard Home & Garden 189,Home & Garden,Bedding,Standard,"High-quality home & garden product. Features durability, style, and value.",673.28,4.4,422,2026-04-25
P00190,Luxury Toys 190,Toys,Puzzles,Luxury,"High-quality toys product. Features durability, style, and value.",34.2,3.6,610,2026-05-26
P00191,BrandD Toys 191,Toys,Action Figures,BrandD,"High-quality toys product. Features durability, style, and value.",758.03,3.8,508,2026-05-14
P00192,BrandA Toys 192,Toys,Puzzles,BrandA,"High-quality toys product. Features durability, style, and value.",785.21,3.2,420,2026-05-09
P00193,BrandB Food 193,Food,Beverages,BrandB,"High-quality food product. Features durability, style, and value.",904.48,3.1,311,2026-03-13
P00194,BrandA Sports 194,Sports,Footwear,BrandA,"High-quality sports product. Features durability, style, and value.",541.72,4.0,701,2026-04-01
P00195,BrandD Toys 195,Toys,Puzzles,BrandD,"High-quality toys product. Features durability, style, and value.",202.63,4.3,467,2026-06-21
P00196,BrandB Electronics 196,Electronics,Laptops,BrandB,"High-quality electronics product. Features durability, style, and value.",326.37,4.3,138,2026-08-07
P00197,BrandD Books 197,Books,Fiction,BrandD,"High-quality books product. Features durability, style, and value.",81.76,4.4,603,2026-07-18
P00198,BrandB Fashion 198,Fashion,Accessories,BrandB,"High-quality fashion product. Features durability, style, and value.",580.07,3.5,54,2026-04-08
P00199,Premium Sports 199,Sports,Athletic Wear,Premium,"High-quality sports product. Features durability, style, and value.",92.9,3.4,70,2026-08-12
P00200,Standard Sports 200,Sports,Accessories,Standard,"High-quality sports product. Features durability, style, and value.",340.48,3.2,647,2026-04-13
P00201,Elite Food 201,Food,Beverages,Elite,"High-quality food product. Features durability, style, and value.",925.09,4.7,947,2026-08-07
P00202,BrandD Books 202,Books,Self-Help,BrandD,"High-quality books product. Features durability, style, and value.",837.12,3.1,478,2026-03-22
P00203,Elite Toys 203,Toys,Puzzles,Elite,"High-quality toys product. Features durability, style, and value.",836.31,4.6,898,2026-05-31
P00204,BrandA Food 204,Food,Beverages,BrandA,"High-quality food product. Features durability, style, and value.",448.21,4.9,385,2026-07-24
P00205,Elite Home & Garden 205,Home & Garden,Bedding,Elite,"High-quality home & garden product. Features durability, style, and value.",72.17,2.8,579,2026-04-15
P00206,Elite Fashion 206,Fashion,Shoes,Elite,"High-quality fashion product. Features durability, style, and value.",372.82,2.7,875,2026-02-19
P00207,BrandD Toys 207,Toys,Building Blocks,BrandD,"High-quality toys product. Features durability, style, and value.",149.46,2.1,281,2026-07-02
P00208,Standard Beauty 208,Beauty,Fragrances,Standard,"High-quality beauty product. Features durability, style, and value.",820.53,4.6,985,2026-04-05
P00209,BrandA Electronics 209,Electronics,Accessories,BrandA,"High-quality electronics product. Features durability, style, and value.",406.39,4.0,144,2026-05-15
P00210,BrandA Toys 210,Toys,Building Blocks,BrandA,"High-quality toys product. Features durability, style, and value.",998.75,4.9,366,2026-03-02
P00211,Standard Fashion 211,Fashion,Shoes,Standard,"High-quality fashion product. Features durability, style, and value.",117.73,4.1,451,2026-03-27
P00212,BrandB Home & Garden 212,Home & Garden,Bedding,BrandB,"High-quality home & garden product. Features durability, style, and value.",472.57,2.8,448,2026-04-23
P00213,BrandB Beauty 213,Beauty,Fragrances,BrandB,"High-quality beauty product. Features durability, style, and value.",384.61,3.3,446,2026-07-04
P00214,Budget Toys 214,Toys,Puzzles,Budget,"High-quality toys product. Features durability, style, and value.",607.89,3.3,452,2026-07-14
P00215,BrandB Home & Garden 215,Home & Garden,Bedding,BrandB,"High-quality home & garden product. Features durability, style, and value.",496.05,3.0,882,2026-05-25
P00216,BrandC Electronics 216,Electronics,Accessories,BrandC,"High-quality electronics product. Features durability, style, and value.",11.09,4.6,697,2026-07-22
P00217,BrandD Fashion 217,Fashion,Women's Clothing,BrandD,"High-quality fashion product. Features durability, style, and value.",309.92,3.0,898,2026-03-05
P00218,BrandA Toys 218,Toys,Action Figures,BrandA,"High-quality toys product. Features durability, style, and value.",537.94,3.5,585,2026-06-27
P00219,Standard Food 219,Food,Snacks,Standard,"High-quality food product. Features durability, style, and value.",483.82,2.8,749,2026-03-25
P00220,Budget Food 220,Food,Beverages,Budget,"High-quality food product. Features durability, style, and value.",359.49,2.5,966,2026-04-24
P00221,BrandA Electronics 221,Electronics,Accessories,BrandA,"High-quality electronics product. Features durability, style, and value.",528.45,3.9,154,2026-07-03
P00222,Standard Electronics 222,Electronics,Accessories,Standard,"High-quality electronics product. Features durability, style, and value.",558.78,4.2,926,2026-05-15
P00223,BrandD Home & Garden 223,Home & Garden,Decor,BrandD,"High-quality home & garden product. Features durability, style, and value.",385.8,3.8,918,2026-07-31
P00224,BrandA Books 224,Books,Educational,BrandA,"High-quality books product. Features durability, style, and value.",681.79,3.7,408,2026-06-12
P00225,Standard Books 225,Books,Non-Fiction,Standard,"High-quality books product. Features durability, style, and value.",893.95,4.0,554,2026-07-29
P00226,Budget Food 226,Food,Beverages,Budget,"High-quality food product. Features durability, style, and value.",40.58,2.1,713,2026-07-30
P00227,BrandC Electronics 227,Electronics,Smartphones,BrandC,"High-quality electronics product. Features durability, style, and value.",524.26,4.7,545,2026-04-21
P00228,BrandD Sports 228,Sports,Footwear,BrandD,"High-quality sports product. Features durability, style, and value.",889.98,2.2,115,2026-04-18
P00229,BrandC Food 229,Food,Specialty,BrandC,"High-quality food product. Features durability, style, and value.",208.55,3.9,290,2026-05-08
P00230,BrandC Toys 230,Toys,Puzzles,BrandC,"High-quality toys product. Features durability, style, and value.",261.46,2.3,757,2026-03-20
P00231,BrandB Electronics 231,Electronics,Tablets,BrandB,"High-quality electronics product. Features durability, style, and value.",303.21,4.5,671,2026-08-13
P00232,Premium Food 232,Food,Specialty,Premium,"High-quality food product. Features durability, style, and value.",420.07,4.1,570,2026-06-10
P00233,Luxury Sports 233,Sports,Equipment,Luxury,"High-quality sports product. Features durability, style, and value.",504.47,3.1,352,2026-07-09
P00234,BrandE Fashion 234,Fashion,Shoes,BrandE,"High-quality fashion product. Features durability, style, and value.",385.13,3.2,37,2026-02-27
P00235,BrandB Home & Garden 235,Home & Garden,Furniture,BrandB,"High-quality home & garden product. Features durability, style, and value.",518.05,2.8,461,2026-04-01
P00236,Luxury Books 236,Books,Non-Fiction,Luxury,"High-quality books product. Features durability, style, and value.",441.24,5.0,519,2026-02-28
P00237,BrandC Electronics 237,Electronics,Tablets,BrandC,"High-quality electronics product. Features durability, style, and value.",400.97,3.2,533,2026-03-29
P00238,Premium Beauty 238,Beauty,Skincare,Premium,"High-quality beauty product. Features durability, style, and value.",13.61,4.6,613,2026-05-08
P00239,BrandC Toys 239,Toys,Puzzles,BrandC,"High-quality toys product. Features durability, style, and value.",452.74,2.9,167,2026-06-21
P00240,BrandB Sports 240,Sports,Accessories,BrandB,"High-quality sports product. Features durability, style, and value.",573.88,2.4,409,2026-06-17
P00241,BrandD Toys 241,Toys,Action Figures,BrandD,"High-quality toys product. Features durability, style, and value.",566.41,4.6,297,2026-06-28
P00242,BrandE Toys 242,Toys,Puzzles,BrandE,"High-quality toys product. Features durability, style, and value.",577.1,2.9,886,2026-06-01
P00243,Premium Home & Garden 243,Home & Garden,Bedding,Premium,"High-quality home & garden product. Features durability, style, and value.",644.51,3.6,176,2026-08-02
P00244,BrandA Beauty 244,Beauty,Fragrances,BrandA,"High-quality beauty product. Features durability, style, and value.",39.17,3.7,318,2026-04-19
P00245,Budget Home & Garden 245,Home & Garden,Bedding,Budget,"High-quality home & garden product. Features durability, style, and value.",50.87,4.0,541,2026-03-29
P00246,BrandB Toys 246,Toys,Board Games,BrandB,"High-quality toys product. Features durability, style, and value.",919.39,2.5,541,2026-06-22
P00247,Standard Fashion 247,Fashion,Accessories,Standard,"High-quality fashion product. Features durability, style, and value.",665.34,4.0,385,2026-02-25
P00248,Elite Home & Garden 248,Home & Garden,Kitchen,Elite,"High-quality home & garden product. Features durability, style, and value.",972.66,3.1,868,2026-03-16
P00249,Standard Home & Garden 249,Home & Garden,Bedding,Standard,"High-quality home & garden product. Features durability, style, and value.",726.83,2.1,202,2026-03-28
P00250,Elite Home & Garden 250,Home & Garden,Decor,Elite,"High-quality home & garden product. Features durability, style, and value.",833.56,2.7,496,2026-06-25
P00251,BrandE Beauty 251,Beauty,Haircare,BrandE,"High-quality beauty product. Features durability, style, and value.",599.28,3.0,482,2026-05-20
P00252,Premium Beauty 252,Beauty,Skincare,Premium,"High-quality beauty product. Features durability, style, and value.",206.18,4.7,89,2026-04-11
P00253,Elite Beauty 253,Beauty,Fragrances,Elite,"High-quality beauty product. Features durability, style, and value.",951.15,4.8,657,2026-06-04
P00254,Budget Home & Garden 254,Home & Garden,Bedding,Budget,"High-quality home & garden product. Features durability, style, and value.",897.46,2.3,896,2026-05-30
P00255,Luxury Food 255,Food,Snacks,Luxury,"High-quality food product. Features durability, style, and value.",532.51,2.6,480,2026-05-18
P00256,Standard Fashion 256,Fashion,Men's Clothing,Standard,"High-quality fashion product. Features durability, style, and value.",169.52,3.6,628,2026-07-19
P00257,BrandA Home & Garden 257,Home & Garden,Decor,BrandA,"High-quality home & garden product. Features durability, style, and value.",325.37,4.3,147,2026-06-05
P00258,BrandC Toys 258,Toys,Action Figures,BrandC,"High-quality toys product. Features durability, style, and value.",789.8,2.4,921,2026-02-23
P00259,Luxury Electronics 259,Electronics,Accessories,Luxury,"High-quality electronics product. Features durability, style, and value.",676.42,2.8,79,2026-04-24
P00260,BrandC Food 260,Food,Specialty,BrandC,"High-quality food product. Features durability, style, and value.",185.29,3.6,517,2026-05-20
P00261,BrandD Beauty 261,Beauty,Haircare,BrandD,"High-quality beauty product. Features durability, style, and value.",701.29,4.7,368,2026-04-24
P00262,Standard Fashion 262,Fashion,Women's Clothing,Standard,"High-quality fashion product. Features durability, style, and value.",973.59,3.3,250,2026-05-29
P00263,Standard Sports 263,Sports,Athletic Wear,Standard,"High-quality sports product. Features durability, style, and value.",838.84,4.6,697,2026-03-29
P00264,BrandB Beauty 264,Beauty,Haircare,BrandB,"High-quality beauty product. Features durability, style, and value.",811.98,2.3,363,2026-05-05
P00265,Standard Fashion 265,Fashion,Men's Clothing,Standard,"High-quality fashion product. Features durability, style, and value.",785.56,2.5,680,2026-06-28
P00266,Premium Electronics 266,Electronics,Laptops,Premium,"High-quality electronics product. Features durability, style, and value.",187.06,4.4,329,2026-06-19
P00267,BrandB Fashion 267,Fashion,Accessories,BrandB,"High-quality fashion product. Features durability, style, and value.",245.0,4.2,61,2026-07-17
P00268,Luxury Books 268,Books,Self-Help,Luxury,"High-quality books product. Features durability, style, and value.",913.07,3.6,239,2026-03-01
P00269,BrandB Food 269,Food,Organic,BrandB,"High-quality food product. Features durability, style, and value.",331.29,4.8,270,2026-03-29
P00270,BrandC Sports 270,Sports,Athletic Wear,BrandC,"High-quality sports product. Features durability, style, and value.",208.45,4.3,409,2026-07-01
P00271,Luxury Toys 271,Toys,Puzzles,Luxury,"High-quality toys product. Features durability, style, and value.",268.33,4.9,65,2026-05-10
P00272,BrandC Toys 272,Toys,Building Blocks,BrandC,"High-quality toys product. Features durability, style, and value.",625.97,4.6,229,2026-04-24
P00273,BrandB Fashion 273,Fashion,Women's Clothing,BrandB,"High-quality fashion product. Features durability, style, and value.",540.97,4.4,984,2026-05-23
P00274,Elite Electronics 274,Electronics,Accessories,Elite,"High-quality electronics product. Features durability, style, and value.",938.49,4.2,731,2026-04-06
P00275,Elite Beauty 275,Beauty,Haircare,Elite,"High-quality beauty product. Features durability, style, and value.",582.85,4.8,447,2026-03-22
P00276,BrandC Electronics 276,Electronics,Tablets,BrandC,"High-quality electronics product. Features durability, style, and value.",312.26,4.0,369,2026-06-21
P00277,BrandB Sports 277,Sports,Footwear,BrandB,"High-quality sports product. Features durability, style, and value.",959.7,3.7,651,2026-08-13
P00278,Elite Sports 278,Sports,Accessories,Elite,"High-quality sports product. Features durability, style, and value.",886.38,3.0,809,2026-04-07
P00279,BrandC Fashion 279,Fashion,Accessories,BrandC,"High-quality fashion product. Features durability, style, and value.",329.5,3.5,903,2026-03-15
P00280,BrandB Home & Garden 280,Home & Garden,Decor,BrandB,"High-quality home & garden product. Features durability, style, and value.",718.85,3.5,363,2026-03-09
P00281,Premium Toys 281,Toys,Building Blocks,Premium,"High-quality toys product. Features durability, style, and value.",956.91,3.5,986,2026-04-07
P00282,BrandE Sports 282,Sports,Equipment,BrandE,"High-quality sports product. Features durability, style, and value.",419.96,4.2,826,2026-04-01
P00283,Elite Food 283,Food,Snacks,Elite,"High-quality food product. Features durability, style, and value.",848.04,4.0,217,2026-06-02
P00284,BrandA Beauty 284,Beauty,Haircare,BrandA,"High-quality beauty product. Features durability, style, and value.",906.88,5.0,856,2026-07-25
P00285,BrandE Sports 285,Sports,Footwear,BrandE,"High-quality sports product. Features durability, style, and value.",438.95,4.6,454,2026-07-06
P00286,Premium Toys 286,Toys,Building Blocks,Premium,"High-quality toys product. Features durability, style, and value.",729.76,5.0,33,2026-06-24
P00287,Elite Sports 287,Sports,Equipment,Elite,"High-quality sports product. Features durability, style, and value.",654.29,4.0,45,2026-05-27
P00288,Standard Toys 288,Toys,Board Games,Standard,"High-quality toys product. Features durability, style, and value.",945.7,4.7,384,2026-04-18
P00289,BrandD Food 289,Food,Organic,BrandD,"High-quality food product. Features durability, style, and value.",235.24,3.7,438,2026-07-01
P00290,BrandB Books 290,Books,Non-Fiction,BrandB,"High-quality books product. Features durability, style, and value.",249.21,4.6,973,2026-06-12
P00291,BrandA Home & Garden 291,Home & Garden,Furniture,BrandA,"High-quality home & garden product. Features durability, style, and value.",678.21,3.0,88,2026-08-07
P00292,BrandD Food 292,Food,Organic,BrandD,"High-quality food product. Features durability, style, and value.",465.68,3.1,192,2026-08-08
P00293,BrandC Books 293,Books,Educational,BrandC,"High-quality books product. Features durability, style, and value.",796.69,2.0,479,2026-04-15
P00294,BrandE Food 294,Food,Specialty,BrandE,"High-quality food product. Features durability, style, and value.",947.02,3.7,884,2026-04-07
P00295,BrandC Food 295,Food,Specialty,BrandC,"High-quality food product. Features durability, style, and value.",388.77,4.0,737,2026-03-09
P00296,Luxury Food 296,Food,Snacks,Luxury,"High-quality food product. Features durability, style, and value.",935.59,3.0,774,2026-03-19
P00297,Premium Home & Garden 297,Home & Garden,Kitchen,Premium,"High-quality home & garden product. Features durability, style, and value.",562.85,4.2,828,2026-07-30
P00298,BrandA Sports 298,Sports,Equipment,BrandA,"High-quality sports product. Features durability, style, and value.",73.43,2.4,203,2026-04-12
P00299,Premium Food 299,Food,Organic,Premium,"High-quality food product. Features durability, style, and value.",787.41,4.7,838,2026-06-25
P00300,BrandE Beauty 300,Beauty,Makeup,BrandE,"High-quality beauty product. Features durability, style, and value.",840.85,4.3,523,2026-05-09
P00301,Budget Toys 301,Toys,Building Blocks,Budget,"High-quality toys product. Features durability, style, and value.",943.77,4.3,548,2026-05-26
P00302,BrandB Sports 302,Sports,Footwear,BrandB,"High-quality sports product. Features durability, style, and value.",307.34,3.2,336,2026-02-22
P00303,BrandE Books 303,Books,Educational,BrandE,"High-quality books product. Features durability, style, and value.",288.1,2.6,596,2026-04-29
P00304,BrandA Home & Garden 304,Home & Garden,Bedding,BrandA,"High-quality home & garden product. Features durability, style, and value.",275.62,3.1,711,2026-08-01
P00305,BrandE Fashion 305,Fashion,Men's Clothing,BrandE,"High-quality fashion product. Features durability, style, and value.",429.9,3.8,39,2026-06-23
P00306,BrandD Sports 306,Sports,Equipment,BrandD,"High-quality sports product. Features durability, style, and value.",302.16,3.9,424,2026-07-11
P00307,Luxury Books 307,Books,Educational,Luxury,"High-quality books product. Features durability, style, and value.",352.4,2.6,633,2026-07-07
P00308,Luxury Electronics 308,Electronics,Accessories,Luxury,"High-quality electronics product. Features durability, style, and value.",617.23,2.5,551,2026-07-08
P00309,Elite Toys 309,Toys,Puzzles,Elite,"High-quality toys product. Features durability, style, and value.",286.6,2.4,682,2026-07-11
P00310,BrandE Books 310,Books,Self-Help,BrandE,"High-quality books product. Features durability, style, and value.",935.0,4.2,400,2026-03-24
P00311,Premium Beauty 311,Beauty,Skincare,Premium,"High-quality beauty product. Features durability, style, and value.",663.25,2.5,514,2026-04-14
P00312,Elite Home & Garden 312,Home & Garden,Furniture,Elite,"High-quality home & garden product. Features durability, style, and value.",803.13,3.1,738,2026-05-23
P00313,Budget Beauty 313,Beauty,Makeup,Budget,"High-quality beauty product. Features durability, style, and value.",569.53,2.4,535,2026-04-30
P00314,Premium Toys 314,Toys,Board Games,Premium,"High-quality toys product. Features durability, style, and value.",789.59,2.9,759,2026-06-17
P00315,Elite Electronics 315,Electronics,Accessories,Elite,"High-quality electronics product. Features durability, style, and value.",419.25,3.8,334,2026-03-06
P00316,Standard Books 316,Books,Fiction,Standard,"High-quality books product. Features durability, style, and value.",271.93,2.2,560,2026-02-20
P00317,Standard Electronics 317,Electronics,Tablets,Standard,"High-quality electronics product. Features durability, style, and value.",96.49,3.7,644,2026-05-27
P00318,Budget Beauty 318,Beauty,Makeup,Budget,"High-quality beauty product. Features durability, style, and value.",934.98,5.0,239,2026-03-29
P00319,BrandD Fashion 319,Fashion,Women's Clothing,BrandD,"High-quality fashion product. Features durability, style, and value.",538.38,2.6,725,2026-05-16
P00320,Standard Home & Garden 320,Home & Garden,Kitchen,Standard,"High-quality home & garden product. Features durability, style, and value.",373.36,2.4,815,2026-06-13
P00321,BrandB Electronics 321,Electronics,Smartphones,BrandB,"High-quality electronics product. Features durability, style, and value.",930.4,4.6,156,2026-06-03
P00322,BrandD Books 322,Books,Self-Help,BrandD,"High-quality books product. Features durability, style, and value.",515.02,4.5,879,2026-07-07
P00323,BrandB Beauty 323,Beauty,Makeup,BrandB,"High-quality beauty product. Features durability, style, and value.",481.08,2.8,883,2026-08-14
P00324,Premium Food 324,Food,Organic,Premium,"High-quality food product. Features durability, style, and value.",97.25,2.9,810,2026-07-28
P00325,Budget Food 325,Food,Beverages,Budget,"High-quality food product. Features durability, style, and value.",859.15,3.7,444,2026-07-14
P00326,BrandD Sports 326,Sports,Footwear,BrandD,"High-quality sports product. Features durability, style, and value.",562.53,3.1,297,2026-07-25
P00327,Luxury Sports 327,Sports,Accessories,Luxury,"High-quality sports product. Features durability, style, and value.",444.77,4.4,988,2026-02-24
P00328,Premium Books 328,Books,Non-Fiction,Premium,"High-quality books product. Features durability, style, and value.",540.07,3.5,677,2026-07-14
P00329,Luxury Fashion 329,Fashion,Men's Clothing,Luxury,"High-quality fashion product. Features durability, style, and value.",896.99,3.0,194,2026-03-26
P00330,BrandE Sports 330,Sports,Footwear,BrandE,"High-quality sports product. Features durability, style, and value.",484.56,2.9,636,2026-06-10
P00331,Luxury Sports 331,Sports,Equipment,Luxury,"High-quality sports product. Features durability, style, and value.",519.36,3.7,527,2026-05-22
P00332,BrandB Fashion 332,Fashion,Women's Clothing,BrandB,"High-quality fashion product. Features durability, style, and value.",767.66,3.2,268,2026-03-30
P00333,Luxury Toys 333,Toys,Action Figures,Luxury,"High-quality toys product. Features durability, style, and value.",221.9,2.4,640,2026-05-30
P00334,Budget Fashion 334,Fashion,Shoes,Budget,"High-quality fashion product. Features durability, style, and value.",424.27,4.2,208,2026-03-17
P00335,Standard Electronics 335,Electronics,Accessories,Standard,"High-quality electronics product. Features durability, style, and value.",162.76,4.1,694,2026-04-12
P00336,Elite Food 336,Food,Beverages,Elite,"High-quality food product. Features durability, style, and value.",577.2,2.8,457,2026-06-27
P00337,BrandA Books 337,Books,Fiction,BrandA,"High-quality books product. Features durability, style, and value.",241.07,4.0,743,2026-06-23
P00338,BrandA Toys 338,Toys,Action Figures,BrandA,"High-quality toys product. Features durability, style, and value.",958.88,3.3,491,2026-07-01
P00339,Elite Fashion 339,Fashion,Accessories,Elite,"High-quality fashion product. Features durability, style, and value.",813.85,5.0,806,2026-05-05
P00340,BrandC Home & Garden 340,Home & Garden,Decor,BrandC,"High-quality home & garden product. Features durability, style, and value.",283.25,2.5,310,2026-04-02
P00341,Elite Home & Garden 341,Home & Garden,Kitchen,Elite,"High-quality home & garden product. Features durability, style, and value.",249.66,2.9,695,2026-06-05
P00342,Elite Beauty 342,Beauty,Haircare,Elite,"High-quality beauty product. Features durability, style, and value.",128.13,2.0,436,2026-04-11
P00343,Budget Sports 343,Sports,Athletic Wear,Budget,"High-quality sports product. Features durability, style, and value.",964.28,2.3,574,2026-06-28
P00344,BrandE Fashion 344,Fashion,Women's Clothing,BrandE,"High-quality fashion product. Features durability, style, and value.",984.67,4.8,112,2026-03-30
P00345,Luxury Food 345,Food,Specialty,Luxury,"High-quality food product. Features durability, style, and value.",874.25,4.9,137,2026-04-25
P00346,BrandA Sports 346,Sports,Equipment,BrandA,"High-quality sports product. Features durability, style, and value.",72.67,4.7,688,2026-04-13
P00347,BrandE Sports 347,Sports,Equipment,BrandE,"High-quality sports product. Features durability, style, and value.",857.41,2.6,954,2026-04-20
P00348,Premium Books 348,Books,Non-Fiction,Premium,"High-quality books product. Features durability, style, and value.",651.21,2.1,75,2026-05-08
P00349,Luxury Electronics 349,Electronics,Laptops,Luxury,"High-quality electronics product. Features durability, style, and value.",653.81,4.4,36,2026-06-29
P00350,Premium Food 350,Food,Organic,Premium,"High-quality food product. Features durability, style, and value.",145.58,2.5,65,2026-04-19
P00351,BrandC Toys 351,Toys,Building Blocks,BrandC,"High-quality toys product. Features durability, style, and value.",632.95,4.4,1,2026-05-16
P00352,Standard Food 352,Food,Snacks,Standard,"High-quality food product. Features durability, style, and value.",384.94,4.5,835,2026-06-19
P00353,Elite Electronics 353,Electronics,Laptops,Elite,"High-quality electronics product. Features durability, style, and value.",557.31,3.0,692,2026-03-12
P00354,BrandA Sports 354,Sports,Footwear,BrandA,"High-quality sports product. Features durability, style, and value.",663.67,2.9,523,2026-04-08
P00355,BrandC Toys 355,Toys,Puzzles,BrandC,"High-quality toys product. Features durability, style, and value.",168.57,4.0,230,2026-07-18
P00356,BrandD Food 356,Food,Snacks,BrandD,"High-quality food product. Features durability, style, and value.",619.06,2.1,826,2026-03-22
P00357,Budget Toys 357,Toys,Building Blocks,Budget,"High-quality toys product. Features durability, style, and value.",847.83,3.6,523,2026-03-02
P00358,Elite Food 358,Food,Snacks,Elite,"High-quality food product. Features durability, style, and value.",366.94,2.9,280,2026-08-03
P00359,BrandD Sports 359,Sports,Equipment,BrandD,"High-quality sports product. Features durability, style, and value.",685.18,2.0,64,2026-07-20
P00360,Premium Home & Garden 360,Home & Garden,Kitchen,Premium,"High-quality home & garden product. Features durability, style, and value.",130.67,4.9,555,2026-03-21
P00361,BrandB Electronics 361,Electronics,Smartphones,BrandB,"High-quality electronics product. Features durability, style, and value.",34.43,3.7,566,2026-05-18
P00362,BrandD Electronics 362,Electronics,Accessories,BrandD,"High-quality electronics product. Features durability, style, and value.",796.24,2.8,895,2026-03-01
P00363,Premium Sports 363,Sports,Equipment,Premium,"High-quality sports product. Features durability, style, and value.",593.25,2.7,957,2026-03-19
P00364,BrandC Electronics 364,Electronics,Smartphones,BrandC,"High-quality electronics product. Features durability, style, and value.",412.14,3.6,652,2026-08-06
P00365,Luxury Food 365,Food,Organic,Luxury,"High-quality food product. Features durability, style, and value.",72.49,2.2,730,2026-08-12
P00366,Premium Beauty 366,Beauty,Makeup,Premium,"High-quality beauty product. Features durability, style, and value.",111.85,4.2,643,2026-06-05
P00367,Standard Electronics 367,Electronics,Accessories,Standard,"High-quality electronics product. Features durability, style, and value.",735.85,2.4,173,2026-03-25
P00368,BrandE Home & Garden 368,Home & Garden,Furniture,BrandE,"High-quality home & garden product. Features durability, style, and value.",635.77,4.6,854,2026-04-08
P00369,Elite Beauty 369,Beauty,Fragrances,Elite,"High-quality beauty product. Features durability, style, and value.",858.04,2.3,449,2026-03-26
P00370,Elite Fashion 370,Fashion,Men's Clothing,Elite,"High-quality fashion product. Features durability, style, and value.",951.69,4.8,361,2026-05-04
P00371,BrandE Home & Garden 371,Home & Garden,Decor,BrandE,"High-quality home & garden product. Features durability, style, and value.",186.43,2.4,89,2026-03-13
P00372,BrandA Food 372,Food,Snacks,BrandA,"High-quality food product. Features durability, style, and value.",175.18,5.0,617,2026-03-24
P00373,Standard Beauty 373,Beauty,Fragrances,Standard,"High-quality beauty product. Features durability, style, and value.",673.73,2.6,727,2026-02-24
P00374,BrandB Food 374,Food,Organic,BrandB,"High-quality food product. Features durability, style, and value.",758.81,2.9,562,2026-07-07
P00375,Standard Books 375,Books,Fiction,Standard,"High-quality books product. Features durability, style, and value.",709.27,3.2,398,2026-06-05
P00376,Elite Books 376,Books,Educational,Elite,"High-quality books product. Features durability, style, and value.",475.77,2.5,411,2026-07-15
P00377,Premium Toys 377,Toys,Building Blocks,Premium,"High-quality toys product. Features durability, style, and value.",404.78,3.1,918,2026-05-27
P00378,Standard Home & Garden 378,Home & Garden,Kitchen,Standard,"High-quality home & garden product. Features durability, style, and value.",343.07,2.0,745,2026-06-03
P00379,BrandE Sports 379,Sports,Accessories,BrandE,"High-quality sports product. Features durability, style, and value.",453.68,2.0,18,2026-06-19
P00380,Premium Electronics 380,Electronics,Laptops,Premium,"High-quality electronics product. Features durability, style, and value.",511.34,3.5,899,2026-06-14
P00381,BrandE Toys 381,Toys,Action Figures,BrandE,"High-quality toys product. Features durability, style, and value.",422.25,4.9,554,2026-05-13
P00382,BrandB Toys 382,Toys,Board Games,BrandB,"High-quality toys product. Features durability, style, and value.",267.65,4.7,795,2026-05-10
P00383,BrandB Home & Garden 383,Home & Garden,Furniture,BrandB,"High-quality home & garden product. Features durability, style, and value.",383.59,2.1,126,2026-02-26
P00384,Budget Toys 384,Toys,Puzzles,Budget,"High-quality toys product. Features durability, style, and value.",496.9,3.9,277,2026-07-21
P00385,BrandC Toys 385,Toys,Board Games,BrandC,"High-quality toys product. Features durability, style, and value.",136.34,2.0,840,2026-08-05
P00386,BrandA Toys 386,Toys,Building Blocks,BrandA,"High-quality toys product. Features durability, style, and value.",102.96,4.0,260,2026-05-26
P00387,BrandE Books 387,Books,Fiction,BrandE,"High-quality books product. Features durability, style, and value.",571.82,3.5,307,2026-03-06
P00388,Luxury Beauty 388,Beauty,Makeup,Luxury,"High-quality beauty product. Features durability, style, and value.",317.12,4.9,273,2026-03-28
P00389,Luxury Sports 389,Sports,Accessories,Luxury,"High-quality sports product. Features durability, style, and value.",378.77,3.1,25,2026-04-29
P00390,Elite Sports 390,Sports,Equipment,Elite,"High-quality sports product. Features durability, style, and value.",494.1,4.2,827,2026-05-24
P00391,BrandD Home & Garden 391,Home & Garden,Furniture,BrandD,"High-quality home & garden product. Features durability, style, and value.",818.22,3.8,66,2026-03-21
P00392,Standard Fashion 392,Fashion,Women's Clothing,Standard,"High-quality fashion product. Features durability, style, and value.",174.45,2.1,782,2026-06-17
P00393,BrandA Sports 393,Sports,Athletic Wear,BrandA,"High-quality sports product. Features durability, style, and value.",689.8,3.3,491,2026-08-03
P00394,Elite Books 394,Books,Fiction,Elite,"High-quality books product. Features durability, style, and value.",553.29,2.5,432,2026-07-09
P00395,Luxury Home & Garden 395,Home & Garden,Kitchen,Luxury,"High-quality home & garden product. Features durability, style, and value.",780.73,4.4,95,2026-03-31
P00396,Elite Sports 396,Sports,Athletic Wear,Elite,"High-quality sports product. Features durability, style, and value.",505.08,2.9,184,2026-05-06
P00397,BrandA Food 397,Food,Organic,BrandA,"High-quality food product. Features durability, style, and value.",537.16,4.2,220,2026-07-30
P00398,Standard Home & Garden 398,Home & Garden,Decor,Standard,"High-quality home & garden product. Features durability, style, and value.",704.94,2.1,744,2026-05-13
P00399,BrandE Electronics 399,Electronics,Tablets,BrandE,"High-quality electronics product. Features durability, style, and value.",865.55,4.8,149,2026-05-31
P00400,BrandC Fashion 400,Fashion,Men's Clothing,BrandC,"High-quality fashion product. Features durability, style, and value.",726.95,3.9,683,2026-06-02
P00401,BrandB Toys 401,Toys,Action Figures,BrandB,"High-quality toys product. Features durability, style, and value.",915.98,2.2,834,2026-05-06
P00402,BrandD Food 402,Food,Beverages,BrandD,"High-quality food product. Features durability, style, and value.",947.24,2.2,811,2026-03-11
P00403,Luxury Beauty 403,Beauty,Makeup,Luxury,"High-quality beauty product. Features durability, style, and value.",627.74,5.0,517,2026-04-19
P00404,Premium Fashion 404,Fashion,Shoes,Premium,"High-quality fashion product. Features durability, style, and value.",484.79,2.5,339,2026-04-15
P00405,BrandD Electronics 405,Electronics,Accessories,BrandD,"High-quality electronics product. Features durability, style, and value.",739.47,3.9,427,2026-06-22
P00406,BrandD Books 406,Books,Fiction,BrandD,"High-quality books product. Features durability, style, and value.",270.4,2.4,344,2026-06-20
P00407,BrandC Toys 407,Toys,Building Blocks,BrandC,"High-quality toys product. Features durability, style, and value.",843.32,4.0,416,2026-08-15
P00408,BrandC Food 408,Food,Specialty,BrandC,"High-quality food product. Features durability, style, and value.",816.04,2.5,208,2026-06-03
P00409,Budget Toys 409,Toys,Building Blocks,Budget,"High-quality toys product. Features durability, style, and value.",846.72,3.6,670,2026-02-28
P00410,Luxury Books 410,Books,Educational,Luxury,"High-quality books product. Features durability, style, and value.",467.85,2.4,677,2026-08-09
P00411,Standard Fashion 411,Fashion,Men's Clothing,Standard,"High-quality fashion product. Features durability, style, and value.",62.56,2.1,344,2026-05-14
P00412,BrandD Toys 412,Toys,Board Games,BrandD,"High-quality toys product. Features durability, style, and value.",413.11,3.4,924,2026-06-02
P00413,BrandB Food 413,Food,Snacks,BrandB,"High-quality food product. Features durability, style, and value.",265.24,2.8,516,2026-06-17
P00414,Luxury Home & Garden 414,Home & Garden,Kitchen,Luxury,"High-quality home & garden product. Features durability, style, and value.",58.46,4.0,960,2026-02-19
P00415,BrandD Electronics 415,Electronics,Tablets,BrandD,"High-quality electronics product. Features durability, style, and value.",240.82,3.5,235,2026-07-27
P00416,Budget Toys 416,Toys,Action Figures,Budget,"High-quality toys product. Features durability, style, and value.",696.2,2.1,492,2026-03-01
P00417,BrandA Electronics 417,Electronics,Accessories,BrandA,"High-quality electronics product. Features durability, style, and value.",527.28,3.2,186,2026-03-11
P00418,BrandE Home & Garden 418,Home & Garden,Decor,BrandE,"High-quality home & garden product. Features durability, style, and value.",983.24,2.8,398,2026-07-05
P00419,BrandD Beauty 419,Beauty,Makeup,BrandD,"High-quality beauty product. Features durability, style, and value.",64.87,4.6,35,2026-05-30
P00420,Elite Beauty 420,Beauty,Skincare,Elite,"High-quality beauty product. Features durability, style, and value.",595.85,3.1,714,2026-03-21
P00421,BrandB Fashion 421,Fashion,Shoes,BrandB,"High-quality fashion product. Features durability, style, and value.",613.42,2.1,4,2026-02-20
P00422,BrandA Home & Garden 422,Home & Garden,Kitchen,BrandA,"High-quality home & garden product. Features durability, style, and value.",437.12,3.0,475,2026-06-15
P00423,BrandA Electronics 423,Electronics,Smartphones,BrandA,"High-quality electronics product. Features durability, style, and value.",56.45,2.3,595,2026-04-16
P00424,Standard Fashion 424,Fashion,Men's Clothing,Standard,"High-quality fashion product. Features durability, style, and value.",915.44,2.4,624,2026-05-31
P00425,BrandE Beauty 425,Beauty,Fragrances,BrandE,"High-quality beauty product. Features durability, style, and value.",721.62,4.5,460,2026-06-06
P00426,BrandE Beauty 426,Beauty,Haircare,BrandE,"High-quality beauty product. Features durability, style, and value.",885.42,5.0,897,2026-03-01
P00427,BrandB Food 427,Food,Specialty,BrandB,"High-quality food product. Features durability, style, and value.",744.98,3.6,743,2026-06-23
P00428,BrandE Sports 428,Sports,Equipment,BrandE,"High-quality sports product. Features durability, style, and value.",278.1,4.4,70,2026-06-11
P00429,Elite Fashion 429,Fashion,Women's Clothing,Elite,"High-quality fashion product. Features durability, style, and value.",155.45,2.6,422,2026-06-14
P00430,Premium Sports 430,Sports,Athletic Wear,Premium,"High-quality sports product. Features durability, style, and value.",649.25,4.1,948,2026-03-18
P00431,Budget Toys 431,Toys,Puzzles,Budget,"High-quality toys product. Features durability, style, and value.",809.25,2.3,635,2026-05-20
P00432,BrandB Food 432,Food,Beverages,BrandB,"High-quality food product. Features durability, style, and value.",410.14,3.6,203,2026-05-11
P00433,Budget Sports 433,Sports,Accessories,Budget,"High-quality sports product. Features durability, style, and value.",606.12,3.4,825,2026-07-08
P00434,Premium Beauty 434,Beauty,Fragrances,Premium,"High-quality beauty product. Features durability, style, and value.",533.24,3.5,313,2026-04-29
P00435,Luxury Beauty 435,Beauty,Fragrances,Luxury,"High-quality beauty product. Features durability, style, and value.",206.64,4.7,4,2026-04-29
P00436,Standard Books 436,Books,Self-Help,Standard,"High-quality books product. Features durability, style, and value.",701.59,3.3,667,2026-04-04
P00437,BrandA Toys 437,Toys,Action Figures,BrandA,"High-quality toys product. Features durability, style, and value.",467.9,4.7,389,2026-07-06
P00438,BrandA Fashion 438,Fashion,Accessories,BrandA,"High-quality fashion product. Features durability, style, and value.",347.98,3.7,699,2026-07-17
P00439,BrandC Books 439,Books,Non-Fiction,BrandC,"High-quality books product. Features durability, style, and value.",948.55,3.4,62,2026-06-08
P00440,BrandE Sports 440,Sports,Accessories,BrandE,"High-quality sports product. Features durability, style, and value.",140.91,2.4,673,2026-07-27
P00441,Elite Beauty 441,Beauty,Fragrances,Elite,"High-quality beauty product. Features durability, style, and value.",480.42,3.6,51,2026-04-10
P00442,BrandB Toys 442,Toys,Action Figures,BrandB,"High-quality toys product. Features durability, style, and value.",198.97,3.1,985,2026-06-26
P00443,BrandB Food 443,Food,Organic,BrandB,"High-quality food product. Features durability, style, and value.",296.87,4.8,826,2026-06-01
P00444,Budget Sports 444,Sports,Athletic Wear,Budget,"High-quality sports product. Features durability, style, and value.",14.01,4.0,743,2026-05-31
P00445,Standard Home & Garden 445,Home & Garden,Kitchen,Standard,"High-quality home & garden product. Features durability, style, and value.",461.9,4.7,254,2026-04-14
P00446,Standard Books 446,Books,Non-Fiction,Standard,"High-quality books product. Features durability, style, and value.",54.94,3.1,686,2026-03-12
P00447,Standard Sports 447,Sports,Accessories,Standard,"High-quality sports product. Features durability, style, and value.",258.47,5.0,732,2026-02-27
P00448,BrandD Food 448,Food,Snacks,BrandD,"High-quality food product. Features durability, style, and value.",151.23,2.1,649,2026-07-07
P00449,BrandD Toys 449,Toys,Board Games,BrandD,"High-quality toys product. Features durability, style, and value.",887.49,3.8,198,2026-05-21
P00450,Elite Food 450,Food,Specialty,Elite,"High-quality food product. Features durability, style, and value.",213.02,2.9,816,2026-05-01
P00451,Premium Fashion 451,Fashion,Men's Clothing,Premium,"High-quality fashion product. Features durability, style, and value.",199.68,4.2,793,2026-07-27
P00452,BrandB Books 452,Books,Educational,BrandB,"High-quality books product. Features durability, style, and value.",548.83,2.5,992,2026-08-08
P00453,Standard Toys 453,Toys,Action Figures,Standard,"High-quality toys product. Features durability, style, and value.",200.65,3.6,838,2026-05-20
P00454,BrandD Sports 454,Sports,Footwear,BrandD,"High-quality sports product. Features durability, style, and value.",997.22,4.4,775,2026-07-20
P00455,BrandE Home & Garden 455,Home & Garden,Bedding,BrandE,"High-quality home & garden product. Features durability, style, and value.",680.76,3.0,137,2026-04-26
P00456,Luxury Electronics 456,Electronics,Laptops,Luxury,"High-quality electronics product. Features durability, style, and value.",380.53,2.4,201,2026-06-04
P00457,BrandB Home & Garden 457,Home & Garden,Kitchen,BrandB,"High-quality home & garden product. Features durability, style, and value.",158.91,4.5,796,2026-08-09
P00458,BrandA Fashion 458,Fashion,Women's Clothing,BrandA,"High-quality fashion product. Features durability, style, and value.",877.22,3.8,905,2026-06-24
P00459,Standard Toys 459,Toys,Action Figures,Standard,"High-quality toys product. Features durability, style, and value.",501.56,3.3,673,2026-05-19
P00460,BrandD Electronics 460,Electronics,Smartphones,BrandD,"High-quality electronics product. Features durability, style, and value.",225.34,3.6,11,2026-05-09
P00461,BrandA Sports 461,Sports,Footwear,BrandA,"High-quality sports product. Features durability, style, and value.",378.64,2.3,220,2026-03-27
P00462,BrandE Home & Garden 462,Home & Garden,Furniture,BrandE,"High-quality home & garden product. Features durability, style, and value.",945.58,3.6,806,2026-07-07
P00463,BrandE Home & Garden 463,Home & Garden,Furniture,BrandE,"High-quality home & garden product. Features durability, style, and value.",751.89,2.1,984,2026-02-24
P00464,BrandB Home & Garden 464,Home & Garden,Furniture,BrandB,"High-quality home & garden product. Features durability, style, and value.",130.34,4.1,655,2026-05-20
P00465,BrandE Books 465,Books,Non-Fiction,BrandE,"High-quality books product. Features durability, style, and value.",340.09,3.2,351,2026-04-26
P00466,Budget Electronics 466,Electronics,Accessories,Budget,"High-quality electronics product. Features durability, style, and value.",496.35,3.2,490,2026-07-02
P00467,Budget Sports 467,Sports,Accessories,Budget,"High-quality sports product. Features durability, style, and value.",859.15,3.2,485,2026-06-16
P00468,Budget Electronics 468,Electronics,Laptops,Budget,"High-quality electronics product. Features durability, style, and value.",431.97,4.8,951,2026-04-02
P00469,BrandC Fashion 469,Fashion,Shoes,BrandC,"High-quality fashion product. Features durability, style, and value.",193.25,3.4,613,2026-03-15
P00470,BrandC Toys 470,Toys,Board Games,BrandC,"High-quality toys product. Features durability, style, and value.",904.03,2.6,558,2026-07-12
P00471,Standard Books 471,Books,Educational,Standard,"High-quality books product. Features durability, style, and value.",106.29,3.2,936,2026-03-01
P00472,BrandE Electronics 472,Electronics,Smartphones,BrandE,"High-quality electronics product. Features durability, style, and value.",700.22,3.3,112,2026-07-23
P00473,BrandD Fashion 473,Fashion,Women's Clothing,BrandD,"High-quality fashion product. Features durability, style, and value.",215.25,2.2,943,2026-06-30
P00474,Elite Sports 474,Sports,Equipment,Elite,"High-quality sports product. Features durability, style, and value.",666.4,2.1,327,2026-08-08
P00475,Elite Sports 475,Sports,Athletic Wear,Elite,"High-quality sports product. Features durability, style, and value.",14.8,4.0,3,2026-08-13
P00476,BrandB Books 476,Books,Fiction,BrandB,"High-quality books product. Features durability, style, and value.",537.79,3.9,313,2026-04-26
P00477,Budget Food 477,Food,Beverages,Budget,"High-quality food product. Features durability, style, and value.",149.71,3.8,222,2026-04-19
P00478,Luxury Fashion 478,Fashion,Shoes,Luxury,"High-quality fashion product. Features durability, style, and value.",586.65,3.9,5,2026-03-27
P00479,Luxury Books 479,Books,Self-Help,Luxury,"High-quality books product. Features durability, style, and value.",95.7,2.1,60,2026-06-27
P00480,BrandE Electronics 480,Electronics,Accessories,BrandE,"High-quality electronics product. Features durability, style, and value.",252.22,2.5,282,2026-05-26
P00481,Budget Books 481,Books,Non-Fiction,Budget,"High-quality books product. Features durability, style, and value.",119.44,3.3,955,2026-05-01
P00482,BrandD Sports 482,Sports,Accessories,BrandD,"High-quality sports product. Features durability, style, and value.",449.33,4.4,33,2026-03-31
P00483,BrandA Toys 483,Toys,Building Blocks,BrandA,"High-quality toys product. Features durability, style, and value.",221.49,4.5,369,2026-07-13
P00484,BrandB Fashion 484,Fashion,Accessories,BrandB,"High-quality fashion product. Features durability, style, and value.",111.7,4.4,147,2026-03-21
P00485,Elite Books 485,Books,Non-Fiction,Elite,"High-quality books product. Features durability, style, and value.",145.65,2.7,191,2026-06-20
P00486,Premium Electronics 486,Electronics,Accessories,Premium,"High-quality electronics product. Features durability, style, and value.",825.84,4.7,817,2026-08-08
P00487,Elite Electronics 487,Electronics,Laptops,Elite,"High-quality electronics product. Features durability, style, and value.",921.93,4.5,385,2026-04-06
P00488,BrandD Fashion 488,Fashion,Accessories,BrandD,"High-quality fashion product. Features durability, style, and value.",817.54,3.0,269,2026-04-12
P00489,Elite Toys 489,Toys,Action Figures,Elite,"High-quality toys product. Features durability, style, and value.",498.55,4.5,984,2026-03-10
P00490,BrandA Electronics 490,Electronics,Accessories,BrandA,"High-quality electronics product. Features durability, style, and value.",944.06,4.8,351,2026-06-13
P00491,BrandA Beauty 491,Beauty,Skincare,BrandA,"High-quality beauty product. Features durability, style, and value.",217.95,2.6,543,2026-03-02
P00492,Elite Food 492,Food,Snacks,Elite,"High-quality food product. Features durability, style, and value.",164.11,3.7,465,2026-06-17
P00493,Standard Food 493,Food,Specialty,Standard,"High-quality food product. Features durability, style, and value.",629.4,2.7,498,2026-04-01
P00494,BrandB Toys 494,Toys,Action Figures,BrandB,"High-quality toys product. Features durability, style, and value.",249.25,3.8,154,2026-07-20
P00495,Premium Home & Garden 495,Home & Garden,Furniture,Premium,"High-quality home & garden product. Features durability, style, and value.",487.84,2.2,113,2026-05-19
P00496,Budget Fashion 496,Fashion,Shoes,Budget,"High-quality fashion product. Features durability, style, and value.",917.7,2.0,791,2026-04-14
P00497,Luxury Home & Garden 497,Home & Garden,Bedding,Luxury,"High-quality home & garden product. Features durability, style, and value.",524.09,2.5,677,2026-02-26
P00498,BrandC Fashion 498,Fashion,Shoes,BrandC,"High-quality fashion product. Features durability, style, and value.",79.53,2.5,654,2026-07-01
P00499,BrandB Toys 499,Toys,Building Blocks,BrandB,"High-quality toys product. Features durability, style, and value.",977.6,2.0,184,2026-06-30
P00500,Standard Beauty 500,Beauty,Fragrances,Standard,"High-quality beauty product. Features durability, style, and value.",642.11,3.6,231,2026-02-24
