user_id,age,gender,location,signup_date
U00001,32,M,San Jose,2026-06-24
U00002,53,F,Phoenix,2026-07-31
U00003,29,F,New York,2025-10-20
U00004,41,F,San Diego,2026-03-26
U00005,65,M,San Jose,2025-09-02
U00006,55,M,Houston,2026-02-23
U00007,34,M,London,2026-03-04
U00008,33,M,Tokyo,2026-06-26
U00009,55,M,Tokyo,2025-11-28
U00010,25,M,Mumbai,2026-05-25
U00011,48,M,Houston,2026-07-24
U00012,61,F,London,2026-03-16
U00013,52,F,Houston,2025-08-22
U00014,25,M,Phoenix,2025-09-13
U00015,74,Other,Phoenix,2026-06-02
U00016,72,Other,Philadelphia,2025-10-09
U00017,58,F,Delhi,2026-07-03
U00018,37,M,Dallas,2025-10-03
U00019,34,F,San Diego,2025-11-11
U00020,73,M,London,2026-04-19
U00021,38,Other,Mumbai,2026-03-11
U00022,21,M,San Diego,2025-10-01
U00023,63,F,Los Angeles,2026-03-02
U00024,20,M,Los Angeles,2025-10-31
U00025,21,F,San Antonio,2025-11-08
U00026,24,M,Shanghai,2025-11-15
U00027,54,Other,Philadelphia,2026-01-27
U00028,51,M,Delhi,2025-11-28
U00029,18,Other,Los Angeles,2026-01-01
U00030,66,F,Philadelphia,2026-06-01
U00031,31,F,Delhi,2026-03-17
U00032,42,Other,Los Angeles,2025-10-08
U00033,65,F,Tokyo,2026-05-30
U00034,39,Other,Los Angeles,2025-10-31
U00035,71,Other,Philadelphia,2026-01-26
U00036,72,F,Chicago,2026-02-10
U00037,32,Other,Dallas,2026-08-15
U00038,32,F,Chicago,2025-10-25
U00039,41,M,Chicago,2025-09-16
U00040,20,Other,Philadelphia,2026-05-04
U00041,62,F,Phoenix,2026-02-11
U00042,43,F,Chicago,2026-03-03
U00043,33,M,San Jose,2025-10-01
U00044,32,F,Los Angeles,2026-08-04
U00045,59,F,Shanghai,2025-11-06
U00046,38,F,San Antonio,2026-04-27
U00047,74,M,Shanghai,2025-12-28
U00048,40,Other,Philadelphia,2026-05-17
U00049,55,M,Houston,2025-10-13
U00050,50,F,Phoenix,2026-02-09
U00051,55,M,San Jose,2026-03-02
U00052,70,M,Los Angeles,2026-07-20
U00053,33,Other,Mumbai,2026-03-20
U00054,44,F,Dallas,2025-12-03
U00055,38,Other,London,2025-12-24
U00056,65,Other,San Antonio,2026-04-10
U00057,34,M,Dallas,2025-12-25
U00058,19,Other,Phoenix,2026-07-21
U00059,72,M,Delhi,2025-11-09
U00060,26,Other,Phoenix,2025-10-28
U00061,29,Other,Shanghai,2026-03-15
U00062,44,F,Phoenix,2026-06-15
U00063,41,M,Houston,2025-09-08
U00064,43,M,Delhi,2026-04-27
U00065,32,M,Chicago,2025-09-01
U00066,73,F,Tokyo,2025-11-11
U00067,26,F,San Jose,2025-10-21
U00068,21,F,San Jose,2026-05-20
U00069,27,Other,London,2025-08-28
U00070,29,M,San Antonio,2026-04-29
U00071,26,F,Tokyo,2026-02-16
U00072,66,Other,San Jose,2026-02-11
U00073,38,F,Shanghai,2026-05-19
U00074,33,F,Delhi,2025-10-06
U00075,37,M,Delhi,2026-03-20
U00076,30,Other,Houston,2026-05-22
U00077,19,M,Chicago,2026-03-14
U00078,43,Other,Houston,2026-07-24
U00079,24,M,San Jose,2026-01-23
U00080,63,F,New York,2026-02-15
U00081,61,Other,Phoenix,2025-12-02
U00082,70,Other,Delhi,2025-11-13
U00083,49,Other,San Antonio,2026-02-14
U00084,20,F,San Jose,2026-07-30
U00085,61,F,London,2026-07-12
U00086,51,M,Chicago,2025-08-19
U00087,37,Other,San Jose,2026-06-28
U00088,70,F,San Jose,2026-03-03
U00089,65,Other,London,2025-10-11
U00090,30,Other,San Antonio,2026-02-20
U00091,61,M,Delhi,2025-10-01
U00092,40,Other,Shanghai,2025-12-18
U00093,28,F,Shanghai,2025-10-09
U00094,55,M,Los Angeles,2026-04-28
U00095,74,M,Delhi,2025-10-31
U00096,73,Other,Chicago,2025-09-23
U00097,31,Other,San Diego,2026-08-06
U00098,61,Other,New York,2026-08-05
U00099,71,M,San Jose,2025-11-04
U00100,45,M,Phoenix,2026-04-07
U00101,25,Other,Dallas,2025-09-11
U00102,34,M,Tokyo,2026-03-18
U00103,37,Other,New York,2026-04-25
U00104,26,M,San Jose,2026-01-24
U00105,54,F,Phoenix,2026-01-18
U00106,51,F,Phoenix,2026-01-21
U00107,66,F,Phoenix,2025-12-23
U00108,35,M,San Diego,2026-04-27
U00109,64,F,Mumbai,2025-11-07
U00110,51,F,San Antonio,2026-07-02
U00111,75,Other,Houston,2025-12-09
U00112,37,M,Philadelphia,2026-01-16
U00113,38,M,London,2025-09-28
U00114,29,F,Delhi,2025-12-25
U00115,60,F,San Diego,2025-09-22
U00116,55,F,London,2025-10-12
U00117,27,Other,New York,2025-09-12
U00118,39,Other,New York,2025-08-20
U00119,63,M,London,2026-06-05
U00120,23,Other,New York,2026-04-23
U00121,56,Other,Tokyo,2025-11-16
U00122,28,F,San Diego,2026-03-17
U00123,73,M,Los Angeles,2025-08-22
U00124,34,M,Shanghai,2026-05-11
U00125,35,M,London,2026-02-05
U00126,44,M,Delhi,2026-01-20
U00127,23,Other,New York,2026-08-05
U00128,28,Other,San Diego,2026-06-14
U00129,23,F,Phoenix,2025-12-27
U00130,44,F,Shanghai,2025-10-22
U00131,61,Other,Shanghai,2026-07-09
U00132,49,M,Dallas,2026-06-19
U00133,53,Other,Chicago,2026-05-19
U00134,59,F,Philadelphia,2026-01-17
U00135,39,M,London,2026-01-10
U00136,45,Other,Shanghai,2026-05-15
U00137,41,Other,Delhi,2026-04-11
U00138,64,Other,San Antonio,2026-08-03
U00139,52,F,Shanghai,2025-10-16
U00140,59,F,Phoenix,2026-04-28
U00141,74,F,Shanghai,2026-02-16
U00142,26,M,San Antonio,2025-09-12
U00143,25,Other,New York,2026-04-30
U00144,74,F,San Jose,2026-06-11
U00145,36,F,San Antonio,2025-10-20
U00146,58,M,Dallas,2025-09-17
U00147,47,M,Tokyo,2026-01-20
U00148,42,F,San Antonio,2026-03-25
U00149,33,M,London,2026-08-07
U00150,61,F,New York,2026-04-11
U00151,55,F,Los Angeles,2026-03-01
U00152,61,M,Philadelphia,2026-01-18
U00153,23,F,London,2026-05-23
U00154,68,Other,Chicago,2026-05-22
U00155,47,Other,Chicago,2025-09-27
U00156,30,Other,Mumbai,2026-07-24
U00157,25,F,New York,2026-04-25
U00158,62,F,Los Angeles,2026-03-01
U00159,18,F,Phoenix,2025-12-20
U00160,70,M,Shanghai,2026-05-24
U00161,33,Other,London,2026-02-02
U00162,23,Other,Shanghai,2025-11-19
U00163,22,M,Chicago,2025-12-13
U00164,26,F,Tokyo,2026-07-01
U00165,25,M,Houston,2025-11-25
U00166,56,Other,Mumbai,2025-09-22
U00167,33,F,Los Angeles,2026-08-08
U00168,47,M,Chicago,2025-11-05
U00169,18,Other,Philadelphia,2026-02-24
U00170,24,Other,Delhi,2025-12-15
U00171,37,Other,Phoenix,2026-02-24
U00172,71,F,Philadelphia,2026-03-27
U00173,52,Other,San Diego,2026-05-15
U00174,31,Other,Dallas,2025-10-06
U00175,56,F,San Antonio,2025-12-01
U00176,70,Other,Philadelphia,2026-08-05
U00177,48,Other,Shanghai,2026-07-07
U00178,22,Other,London,2026-01-12
U00179,34,F,Houston,2026-08-09
U00180,36,M,Dallas,2025-10-04
U00181,55,M,Delhi,2026-04-03
U00182,31,M,Phoenix,2026-02-10
U00183,50,M,London,2026-06-03
U00184,59,M,Mumbai,2025-12-09
U00185,73,F,Philadelphia,2026-06-05
U00186,74,Other,Delhi,2026-01-20
U00187,75,F,London,2026-06-21
U00188,20,Other,San Jose,2026-06-29
U00189,24,M,San Diego,2026-01-07
U00190,19,Other,San Diego,2025-12-04
U00191,72,M,Mumbai,2026-04-01
U00192,52,F,San Jose,2025-08-26
U00193,70,F,San Diego,2026-08-03
U00194,38,F,London,2026-07-13
U00195,27,F,Mumbai,2026-02-10
U00196,18,F,Los Angeles,2025-12-06
U00197,67,F,San Antonio,2025-10-04
U00198,25,Other,Tokyo,2026-01-24
U00199,73,Other,London,2026-05-23
U00200,32,F,Shanghai,2025-12-08
U00201,63,Other,San Jose,2026-07-23
U00202,65,F,Dallas,2026-04-04
U00203,35,Other,San Antonio,2026-04-22
U00204,61,Other,Delhi,2026-02-04
U00205,46,Other,Dallas,2026-02-16
U00206,69,F,Mumbai,2026-05-22
U00207,73,Other,Tokyo,2026-02-27
U00208,28,Other,Los Angeles,2026-01-16
U00209,75,Other,Tokyo,2026-07-02
U00210,67,M,London,2026-07-11
U00211,42,F,New York,2025-11-14
U00212,21,F,Los Angeles,2025-09-28
U00213,49,Other,Delhi,2026-06-05
U00214,48,Other,San Antonio,2026-02-16
U00215,18,F,Phoenix,2025-09-24
U00216,59,Other,Tokyo,2026-07-03
U00217,28,F,Chicago,2026-01-30
U00218,67,F,Shanghai,2026-08-05
U00219,68,F,Chicago,2026-02-03
U00220,31,M,Phoenix,2026-01-30
U00221,54,M,New York,2025-09-23
U00222,73,F,Philadelphia,2026-04-23
U00223,40,Other,London,2026-06-19
U00224,31,F,Phoenix,2025-11-08
U00225,58,Other,San Diego,2026-01-06
U00226,74,Other,Philadelphia,2026-06-09
U00227,40,Other,Delhi,2025-09-18
U00228,35,M,Chicago,2026-07-22
U00229,31,F,Chicago,2026-05-22
U00230,36,F,San Jose,2025-12-30
U00231,25,M,Chicago,2026-01-26
U00232,64,M,Chicago,2026-06-02
U00233,48,M,Dallas,2026-08-10
U00234,29,Other,Houston,2026-06-11
U00235,47,Other,Phoenix,2026-02-01
U00236,66,F,San Jose,2026-07-10
U00237,75,Other,New York,2026-07-11
U00238,58,F,San Diego,2026-07-27
U00239,63,M,Houston,2025-12-27
U00240,53,Other,London,2026-02-12
U00241,64,Other,San Antonio,2025-10-29
U00242,63,F,London,2025-09-23
U00243,71,Other,Tokyo,2025-11-16
U00244,27,F,Chicago,2025-10-29
U00245,37,F,San Antonio,2026-04-10
U00246,63,F,Phoenix,2026-04-14
U00247,30,Other,Phoenix,2026-02-24
U00248,41,F,New York,2025-10-10
U00249,53,F,Shanghai,2025-11-09
U00250,25,F,Houston,2026-05-11
U00251,59,F,Delhi,2026-03-24
U00252,50,M,San Jose,2026-03-25
U00253,37,Other,Phoenix,2026-05-20
U00254,65,Other,New York,2026-06-27
U00255,25,M,Dallas,2025-09-25
U00256,34,Other,Houston,2026-01-17
U00257,48,Other,Chicago,2026-01-18
U00258,32,M,Dallas,2026-03-15
U00259,48,M,Mumbai,2025-11-15
U00260,61,M,Philadelphia,2026-02-27
U00261,45,Other,Chicago,2025-10-29
U00262,39,Other,Philadelphia,2025-10-01
U00263,69,Other,San Diego,2026-05-21
U00264,72,M,Phoenix,2026-05-28
U00265,57,Other,Philadelphia,2025-12-04
U00266,43,M,San Antonio,2025-11-20
U00267,31,Other,Houston,2026-04-11
U00268,22,M,Los Angeles,2025-10-16
U00269,59,F,Los Angeles,2026-08-03
U00270,65,Other,Dallas,2025-09-19
U00271,65,F,Dallas,2026-03-26
U00272,70,F,Dallas,2026-05-09
U00273,67,F,Shanghai,2025-09-04
U00274,30,Other,London,2026-04-16
U00275,42,M,Delhi,2026-03-18
U00276,19,Other,Philadelphia,2026-01-20
U00277,72,M,Phoenix,2026-05-14
U00278,48,F,New York,2026-05-26
U00279,73,M,Shanghai,2025-09-14
U00280,36,F,Los Angeles,2025-12-27
U00281,23,F,Philadelphia,2026-03-17
U00282,24,M,San Antonio,2026-08-16
U00283,38,Other,London,2026-06-09
U00284,60,Other,Tokyo,2026-07-14
U00285,52,M,San Diego,2026-01-07
U00286,63,M,Delhi,2025-09-19
U00287,25,M,San Jose,2026-04-02
U00288,31,Other,Mumbai,2026-06-17
U00289,48,F,Phoenix,2025-12-17
U00290,53,F,Mumbai,2025-09-09
U00291,67,F,San Diego,2025-08-27
U00292,27,M,San Antonio,2026-04-26
U00293,56,Other,Shanghai,2026-05-26
U00294,51,Other,San Antonio,2026-02-12
U00295,37,Other,Tokyo,2026-04-29
U00296,67,F,London,2026-04-30
U00297,60,Other,Philadelphia,2026-05-09
U00298,43,Other,Shanghai,2026-08-02
U00299,60,Other,San Diego,2026-03-16
U00300,57,Other,San Diego,2026-07-07
U00301,74,M,San Diego,2026-06-14
U00302,56,F,New York,2026-01-08
U00303,68,F,London,2026-01-01
U00304,68,M,Shanghai,2025-10-11
U00305,32,Other,London,2026-02-15
U00306,35,F,San Antonio,2026-06-04
U00307,56,M,Delhi,2026-06-18
U00308,64,F,Tokyo,2026-06-15
U00309,47,M,Houston,2026-07-10
U00310,28,Other,Dallas,2026-08-14
U00311,18,M,San Antonio,2026-07-22
U00312,33,M,Tokyo,2025-08-18
U00313,29,M,Phoenix,2025-10-07
U00314,54,F,Tokyo,2026-04-23
U00315,29,M,San Antonio,2025-08-20
U00316,60,F,San Jose,2026-08-10
U00317,63,M,London,2025-08-28
U00318,30,Other,Dallas,2025-09-15
U00319,48,F,Tokyo,2026-01-15
U00320,58,Other,Philadelphia,2026-03-19
U00321,25,F,Chicago,2026-06-25
U00322,40,M,San Antonio,2026-01-13
U00323,49,Other,Dallas,2026-03-21
U00324,37,F,San Jose,2025-10-28
U00325,33,Other,London,2025-12-28
U00326,73,Other,Delhi,2026-04-22
U00327,60,F,Phoenix,2025-08-24
U00328,18,M,San Diego,2026-06-19
U00329,71,F,Houston,2026-06-29
U00330,61,Other,London,2026-02-04
U00331,75,M,Dallas,2025-09-07
U00332,59,Other,Philadelphia,2026-01-05
U00333,47,Other,Chicago,2026-02-09
U00334,53,F,Houston,2026-08-17
U00335,61,M,Houston,2026-01-29
U00336,49,F,Los Angeles,2026-04-07
U00337,42,Other,Mumbai,2026-05-10
U00338,53,Other,Houston,2026-06-02
U00339,72,F,Shanghai,2025-11-22
U00340,55,F,San Jose,2026-02-03
U00341,41,M,Houston,2026-06-28
U00342,66,F,Phoenix,2026-06-12
U00343,52,Other,Chicago,2026-02-19
U00344,23,Other,Dallas,2026-04-05
U00345,71,Other,Los Angeles,2026-06-07
U00346,71,Other,Phoenix,2026-06-16
U00347,28,M,San Jose,2025-10-09
U00348,45,F,San Antonio,2026-07-01
U00349,21,Other,New York,2025-12-13
U00350,31,M,Dallas,2026-07-15
U00351,52,M,Mumbai,2026-04-01
U00352,62,Other,Mumbai,2025-10-15
U00353,58,F,Los Angeles,2026-08-08
U00354,31,F,Mumbai,2026-05-16
U00355,58,M,Chicago,2026-06-01
U00356,33,Other,Los Angeles,2026-04-17
U00357,54,M,London,2026-08-17
U00358,70,Other,San Antonio,2026-07-28
U00359,52,Other,Mumbai,2026-07-20
U00360,24,Other,London,2026-07-26
U00361,58,Other,Delhi,2026-08-04
U00362,30,F,Phoenix,2026-07-24
U00363,53,Other,Shanghai,2026-04-01
U00364,58,Other,San Jose,2026-01-14
U00365,33,F,Shanghai,2026-04-16
U00366,55,F,San Antonio,2025-12-09
U00367,57,M,New York,2026-03-09
U00368,75,F,Houston,2026-02-24
U00369,48,M,Mumbai,2025-10-16
U00370,50,F,Chicago,2026-07-05
U00371,50,Other,Chicago,2025-11-04
U00372,48,F,Phoenix,2026-07-04
U00373,63,F,London,2025-10-14
U00374,48,Other,San Diego,2026-07-16
U00375,69,M,Los Angeles,2025-12-13
U00376,56,M,Delhi,2026-05-09
U00377,31,Other,Delhi,2025-12-06
U00378,18,Other,New York,2026-08-10
U00379,73,M,London,2026-01-09
U00380,48,F,Delhi,2026-03-21
U00381,54,Other,San Jose,2026-08-06
U00382,64,Other,Chicago,2026-07-28
U00383,67,M,Houston,2025-12-09
U00384,43,Other,London,2025-12-22
U00385,35,M,Los Angeles,2026-07-02
U00386,33,M,Philadelphia,2025-10-06
U00387,67,M,Dallas,2025-10-18
U00388,23,M,Chicago,2026-02-22
U00389,48,F,New York,2025-10-19
U00390,75,M,Tokyo,2026-08-13
U00391,55,M,Tokyo,2026-01-17
U00392,30,F,Delhi,2026-02-08
U00393,29,F,New York,2026-05-08
U00394,33,F,Dallas,2026-06-28
U00395,54,Other,San Diego,2025-09-12
U00396,52,M,Houston,2025-12-30
U00397,27,M,Dallas,2025-09-26
U00398,46,M,San Antonio,2026-01-29
U00399,18,Other,San Diego,2026-05-17
U00400,35,F,Chicago,2026-01-09
U00401,41,Other,Houston,2025-11-30
U00402,44,F,Philadelphia,2026-06-18
U00403,23,M,Mumbai,2026-03-31
U00404,53,M,London,2026-02-12
U00405,70,Other,Tokyo,2026-06-13
U00406,43,F,Tokyo,2025-09-26
U00407,64,F,Phoenix,2025-10-14
U00408,71,Other,San Jose,2026-01-23
U00409,28,Other,Mumbai,2026-03-31
U00410,74,Other,New York,2026-02-28
U00411,71,Other,San Antonio,2025-10-05
U00412,41,Other,Philadelphia,2026-04-21
U00413,36,F,San Antonio,2025-09-17
U00414,28,Other,San Diego,2026-04-20
U00415,54,Other,New York,2026-01-30
U00416,39,F,Tokyo,2026-04-18
U00417,71,Other,Chicago,2026-06-18
U00418,63,M,Philadelphia,2026-08-03
U00419,34,Other,San Diego,2026-02-27
U00420,67,M,Chicago,2025-09-01
U00421,59,F,Tokyo,2025-09-28
U00422,71,Other,Mumbai,2025-08-24
U00423,70,F,New York,2026-07-24
U00424,49,M,Chicago,2026-05-15
U00425,22,M,San Diego,2026-04-16
U00426,23,M,New York,2026-03-01
U00427,43,Other,London,2026-02-05
U00428,66,F,Shanghai,2026-02-19
U00429,33,F,New York,2026-07-06
U00430,27,M,Los Angeles,2026-04-19
U00431,56,F,Tokyo,2025-10-09
U00432,75,F,New York,2025-10-17
U00433,42,Other,London,2026-04-03
U00434,34,F,Houston,2026-02-27
U00435,40,M,Delhi,2026-05-05
U00436,56,M,Chicago,2026-08-08
U00437,31,M,San Jose,2025-12-10
U00438,48,M,Chicago,2026-04-11
U00439,52,F,San Diego,2026-08-09
U00440,33,F,Houston,2025-09-03
U00441,62,M,London,2026-06-28
U00442,68,Other,Houston,2026-03-16
U00443,51,Other,Phoenix,2025-12-25
U00444,28,F,San Diego,2026-04-30
U00445,63,M,Los Angeles,2025-12-05
U00446,37,M,San Jose,2025-09-03
U00447,46,M,Philadelphia,2025-12-26
U00448,49,Other,San Jose,2026-08-11
U00449,44,Other,London,2026-06-07
U00450,30,F,Tokyo,2025-09-12
U00451,38,Other,Mumbai,2026-07-11
U00452,51,F,Tokyo,2026-06-05
U00453,48,Other,Shanghai,2025-12-06
U00454,45,F,Philadelphia,2026-03-05
U00455,43,Other,Shanghai,2025-10-13
U00456,41,Other,Dallas,2026-05-17
U00457,26,M,San Diego,2025-09-24
U00458,67,F,Mumbai,2026-01-29
U00459,75,F,Shanghai,2025-10-07
U00460,27,Other,Chicago,2026-07-29
U00461,70,F,New York,2025-11-01
U00462,28,Other,Mumbai,2025-10-14
U00463,59,Other,Dallas,2026-07-18
U00464,37,Other,New York,2025-12-04
U00465,55,F,Delhi,2025-09-21
U00466,27,M,Shanghai,2026-02-04
U00467,26,Other,Houston,2025-11-08
U00468,20,M,San Antonio,2025-11-12
U00469,74,F,San Diego,2026-04-15
U00470,44,F,Dallas,2026-02-17
U00471,57,M,San Jose,2026-05-08
U00472,41,F,Chicago,2025-11-06
U00473,40,F,San Diego,2026-04-23
U00474,21,M,Phoenix,2025-10-06
U00475,20,M,Dallas,2026-07-07
U00476,21,M,Mumbai,2026-02-16
U00477,28,Other,Shanghai,2026-01-04
U00478,65,Other,San Jose,2025-08-29
U00479,44,M,New York,2025-09-05
U00480,50,F,New York,2025-11-28
U00481,21,F,Shanghai,2025-12-28
U00482,74,F,San Diego,2026-02-01
U00483,69,M,Dallas,2025-08-19
U00484,44,Other,Mumbai,2026-01-11
U00485,41,Other,Phoenix,2025-12-09
U00486,58,F,Philadelphia,2026-02-17
U00487,70,F,Dallas,2026-01-25
U00488,25,Other,Chicago,2026-01-13
U00489,59,Other,Delhi,2025-09-24
U00490,19,F,New York,2026-03-23
U00491,18,F,Philadelphia,2026-04-03
U00492,30,F,Dallas,2025-12-30
U00493,70,M,Philadelphia,2025-10-22
U00494,29,F,San Jose,2026-04-17
U00495,29,F,New York,2025-11-01
U00496,35,Other,Philadelphia,2025-08-24
U00497,63,M,New York,2026-03-25
U00498,19,M,New York,2025-11-07
U00499,40,Other,Houston,2026-01-18
U00500,28,M,Phoenix,2025-11-19
U00501,58,Other,Houston,2026-07-29
U00502,35,F,San Diego,2026-04-07
U00503,32,M,San Antonio,2025-08-26
U00504,61,F,New York,2026-07-18
U00505,44,M,San Jose,2026-08-04
U00506,67,F,New York,2025-09-04
U00507,26,M,Phoenix,2026-05-30
U00508,59,M,Chicago,2025-10-31
U00509,73,Other,Phoenix,2026-08-03
U00510,18,F,London,2025-11-24
U00511,69,F,San Jose,2026-01-09
U00512,37,Other,Delhi,2026-07-27
U00513,45,Other,Mumbai,2025-10-08
U00514,62,Other,Delhi,2025-09-20
U00515,48,F,San Antonio,2026-03-31
U00516,64,M,Philadelphia,2026-01-07
U00517,49,Other,Phoenix,2026-07-19
U00518,45,F,Dallas,2026-04-08
U00519,59,Other,Los Angeles,2025-10-08
U00520,68,M,Phoenix,2026-06-26
U00521,62,F,San Diego,2026-05-23
U00522,71,Other,San Diego,2025-12-14
U00523,61,M,Shanghai,2026-04-29
U00524,73,Other,Phoenix,2026-01-21
U00525,66,M,Dallas,2025-12-05
U00526,70,Other,Houston,2026-04-05
U00527,37,M,Mumbai,2026-04-23
U00528,36,Other,San Antonio,2025-10-27
U00529,33,M,Los Angeles,2026-06-28
U00530,33,Other,Tokyo,2026-05-16
U00531,68,M,Delhi,2026-01-11
U00532,62,F,New York,2025-10-04
U00533,52,F,New York,2026-07-19
U00534,38,Other,Delhi,2026-05-01
U00535,40,F,New York,2026-07-21
U00536,38,F,London,2026-06-20
U00537,70,M,Tokyo,2025-10-12
U00538,27,M,San Antonio,2026-02-01
U00539,22,M,San Antonio,2026-01-13
U00540,28,Other,Chicago,2026-02-02
U00541,46,Other,Delhi,2025-12-08
U00542,50,F,Philadelphia,2025-11-09
U00543,33,M,Philadelphia,2025-11-27
U00544,22,Other,Delhi,2026-03-22
U00545,28,F,New York,2026-03-18
U00546,69,M,Los Angeles,2025-12-04
U00547,29,Other,San Antonio,2026-07-03
U00548,74,M,London,2026-06-13
U00549,40,Other,Shanghai,2026-06-14
U00550,27,M,San Jose,2025-10-13
U00551,52,Other,Los Angeles,2026-04-16
U00552,37,F,Mumbai,2025-09-22
U00553,59,M,Mumbai,2025-09-16
U00554,36,F,San Antonio,2025-12-24
U00555,59,M,Tokyo,2026-01-26
U00556,23,Other,Chicago,2026-06-22
U00557,42,F,Mumbai,2026-05-12
U00558,20,M,Tokyo,2026-08-01
U00559,30,M,Los Angeles,2026-04-08
U00560,22,F,Delhi,2025-11-01
U00561,24,F,Chicago,2026-07-11
U00562,50,Other,San Diego,2025-09-01
U00563,65,M,Los Angeles,2025-10-18
U00564,47,M,Houston,2025-08-21
U00565,75,M,Philadelphia,2026-07-10
U00566,46,Other,San Jose,2026-06-15
U00567,42,F,Chicago,2025-10-24
U00568,59,F,San Jose,2025-08-24
U00569,34,F,Tokyo,2026-01-03
U00570,37,M,Mumbai,2026-06-14
U00571,47,M,Chicago,2025-12-25
U00572,21,F,San Antonio,2025-09-07
U00573,24,M,Houston,2026-04-25
U00574,56,Other,Tokyo,2026-01-17
U00575,51,M,San Antonio,2026-04-26
U00576,33,M,San Diego,2026-05-04
U00577,53,M,Philadelphia,2026-08-10
U00578,57,M,Los Angeles,2025-10-17
U00579,45,M,Shanghai,2026-08-11
U00580,42,F,Phoenix,2026-04-13
U00581,63,M,Chicago,2026-08-08
U00582,48,F,San Antonio,2026-08-02
U00583,41,Other,Shanghai,2026-06-24
U00584,72,F,San Antonio,2026-01-28
U00585,33,M,Shanghai,2026-01-16
U00586,48,Other,San Diego,2026-04-30
U00587,32,M,Philadelphia,2026-03-13
U00588,71,M,London,2026-08-09
U00589,72,Other,San Antonio,2025-12-31
U00590,52,M,San Diego,2026-01-19
U00591,37,M,Shanghai,2026-04-02
U00592,39,Other,Philadelphia,2026-06-30
U00593,64,Other,Philadelphia,2026-07-03
U00594,50,Other,Tokyo,2025-10-17
U00595,27,F,San Diego,2026-06-21
U00596,18,F,Dallas,2025-09-18
U00597,71,F,San Jose,2026-02-09
U00598,71,Other,Chicago,2026-05-13
U00599,69,Other,San Diego,2025-11-14
U00600,69,F,Houston,2025-10-21
U00601,63,M,Mumbai,2025-12-06
U00602,42,F,Philadelphia,2026-01-17
U00603,69,Other,Tokyo,2026-07-02
U00604,67,Other,Mumbai,2026-01-31
U00605,62,M,Chicago,2026-06-30
U00606,44,F,San Antonio,2025-12-12
U00607,59,M,San Antonio,2025-10-01
U00608,50,M,San Jose,2026-05-15
U00609,52,Other,Los Angeles,2025-09-06
U00610,47,Other,Los Angeles,2026-04-16
U00611,65,F,Dallas,2025-09-24
U00612,38,M,Philadelphia,2026-04-25
U00613,49,M,Philadelphia,2026-06-26
U00614,25,Other,San Antonio,2026-03-27
U00615,63,Other,Shanghai,2025-08-30
U00616,34,M,Phoenix,2026-07-16
U00617,55,F,London,2026-04-02
U00618,39,M,Dallas,2026-04-03
U00619,70,M,San Antonio,2026-07-04
U00620,28,M,San Jose,2026-02-23
U00621,73,F,Mumbai,2026-01-17
U00622,56,F,Chicago,2026-08-13
U00623,36,M,Delhi,2025-10-10
U00624,37,F,San Antonio,2026-03-20
U00625,33,Other,Philadelphia,2026-05-24
U00626,50,F,San Antonio,2025-12-15
U00627,43,Other,New York,2026-05-19
U00628,34,M,San Jose,2026-07-12
U00629,41,M,Phoenix,2026-03-02
U00630,35,F,Philadelphia,2025-10-25
U00631,31,F,Mumbai,2025-08-20
U00632,21,Other,Philadelphia,2026-04-17
U00633,21,F,Phoenix,2026-03-09
U00634,53,F,Chicago,2026-03-02
U00635,64,M,San Jose,2026-04-10
U00636,36,F,Chicago,2025-12-20
U00637,50,Other,Mumbai,2025-11-17
U00638,42,M,Philadelphia,2025-12-27
U00639,72,M,Mumbai,2026-01-28
U00640,23,Other,Philadelphia,2026-01-27
U00641,39,M,Mumbai,2026-06-28
U00642,75,Other,Phoenix,2026-05-28
U00643,62,M,Tokyo,2026-02-13
U00644,69,Other,Shanghai,2025-11-19
U00645,43,Other,Phoenix,2025-09-18
U00646,45,F,San Antonio,2026-01-26
U00647,44,M,Shanghai,2026-01-09
U00648,33,Other,London,2025-10-20
U00649,62,Other,Mumbai,2026-06-04
U00650,23,Other,Philadelphia,2025-08-20
U00651,18,M,Philadelphia,2025-10-22
U00652,47,F,Phoenix,2025-08-23
U00653,20,F,Dallas,2026-06-21
U00654,68,M,San Antonio,2025-09-26
U00655,71,F,Chicago,2025-09-10
U00656,55,M,Dallas,2026-05-28
U00657,68,Other,New York,2025-08-25
U00658,29,Other,Shanghai,2026-04-09
U00659,75,M,Los Angeles,2026-07-08
U00660,46,Other,London,2025-12-21
U00661,24,F,Houston,2026-01-29
U00662,57,F,Houston,2025-09-13
U00663,48,M,San Diego,2026-02-14
U00664,25,F,San Antonio,2026-08-05
U00665,46,F,Houston,2025-12-29
U00666,31,M,Delhi,2026-06-28
U00667,27,Other,Tokyo,2026-06-24
U00668,71,M,Tokyo,2026-01-08
U00669,58,M,Houston,2026-06-18
U00670,53,F,London,2026-05-23
U00671,29,Other,Mumbai,2025-12-02
U00672,37,Other,Los Angeles,2025-12-06
U00673,30,F,San Jose,2025-12-20
U00674,19,M,Shanghai,2025-10-18
U00675,75,M,Los Angeles,2025-08-23
U00676,57,M,Phoenix,2025-08-29
U00677,74,M,Mumbai,2026-02-03
U00678,43,F,New York,2026-03-31
U00679,43,F,San Diego,2025-08-20
U00680,68,Other,Phoenix,2026-04-06
U00681,72,Other,San Jose,2026-06-30
U00682,40,F,Dallas,2026-06-04
U00683,75,Other,London,2025-12-08
U00684,18,F,San Jose,2026-03-16
U00685,50,M,Dallas,2025-10-26
U00686,30,Other,Shanghai,2026-07-04
U00687,30,F,Philadelphia,2026-01-14
U00688,47,Other,San Diego,2026-05-14
U00689,51,Other,Shanghai,2025-10-17
U00690,72,Other,Tokyo,2026-02-17
U00691,22,Other,New York,2026-06-28
U00692,37,M,Tokyo,2025-09-21
U00693,52,M,Philadelphia,2026-07-26
U00694,44,F,Tokyo,2026-01-18
U00695,60,M,Houston,2025-12-27
U00696,23,M,San Diego,2026-05-30
U00697,40,Other,Chicago,2026-03-27
U00698,71,F,Delhi,2025-10-03
U00699,23,F,San Jose,2026-06-02
U00700,59,F,Dallas,2026-04-06
U00701,62,F,Philadelphia,2026-05-16
U00702,59,F,Dallas,2025-12-18
U00703,53,M,Delhi,2025-11-17
U00704,75,F,San Diego,2026-08-07
U00705,39,M,Phoenix,2025-10-13
U00706,49,M,New York,2026-06-01
U00707,68,F,Mumbai,2026-02-01
U00708,55,Other,Philadelphia,2026-07-02
U00709,31,F,San Jose,2025-11-10
U00710,27,M,Chicago,2026-02-09
U00711,68,F,New York,2025-10-24
U00712,45,Other,Houston,2025-10-07
U00713,51,F,Delhi,2025-09-26
U00714,32,F,Dallas,2025-12-18
U00715,48,F,Chicago,2026-07-22
U00716,63,M,New York,2025-10-30
U00717,54,Other,Shanghai,2026-02-19
U00718,69,Other,Delhi,2026-03-25
U00719,40,Other,Phoenix,2026-05-03
U00720,20,Other,Philadelphia,2026-05-31
U00721,19,M,Shanghai,2025-09-08
U00722,29,Other,Philadelphia,2026-02-12
U00723,67,M,Delhi,2025-08-30
U00724,63,F,New York,2025-08-18
U00725,35,F,Philadelphia,2025-09-03
U00726,36,M,Dallas,2026-03-10
U00727,24,F,Los Angeles,2025-12-10
U00728,33,Other,New York,2026-05-07
U00729,57,Other,San Diego,2026-05-22
U00730,64,M,Houston,2025-10-28
U00731,40,Other,Mumbai,2026-04-18
U00732,20,Other,New York,2026-02-05
U00733,43,F,Houston,2026-07-01
U00734,39,Other,San Antonio,2026-01-29
U00735,41,Other,Phoenix,2025-09-19
U00736,40,M,Los Angeles,2025-12-05
U00737,62,M,Shanghai,2025-11-24
U00738,41,M,Philadelphia,2026-07-11
U00739,64,M,Shanghai,2026-06-10
U00740,65,M,Philadelphia,2026-02-21
U00741,29,F,San Antonio,2026-06-11
U00742,66,F,San Antonio,2026-02-24
U00743,53,F,Phoenix,2025-09-05
U00744,52,F,Houston,2026-06-11
U00745,63,M,New York,2026-06-15
U00746,73,F,San Jose,2026-02-16
U00747,46,F,Tokyo,2026-05-24
U00748,39,Other,Mumbai,2025-11-24
U00749,34,Other,New York,2026-01-17
U00750,45,M,San Diego,2026-04-19
U00751,47,M,San Diego,2026-02-08
U00752,51,F,Philadelphia,2026-06-03
U00753,61,F,San Antonio,2026-01-01
U00754,44,M,Houston,2026-05-05
U00755,26,F,Dallas,2026-04-16
U00756,61,F,San Diego,2026-02-24
U00757,30,Other,Chicago,2026-08-02
U00758,51,M,Mumbai,2026-03-14
U00759,70,F,San Diego,2026-07-12
U00760,23,F,Mumbai,2026-03-12
U00761,34,Other,Dallas,2026-02-18
U00762,59,M,Chicago,2026-03-09
U00763,32,F,Phoenix,2025-11-21
U00764,35,Other,Dallas,2026-08-07
U00765,25,Other,San Jose,2026-06-13
U00766,19,M,Mumbai,2025-10-19
U00767,74,F,Shanghai,2026-01-25
U00768,26,M,Tokyo,2025-10-17
U00769,70,F,Philadelphia,2025-11-04
U00770,69,M,Chicago,2025-12-13
U00771,67,M,New York,2025-11-20
U00772,38,Other,San Jose,2025-11-02
U00773,57,Other,Tokyo,2026-02-28
U00774,22,M,London,2026-03-25
U00775,28,Other,Delhi,2026-02-20
U00776,21,M,Phoenix,2026-07-15
U00777,34,F,Phoenix,2025-11-05
U00778,40,F,Chicago,2026-05-31
U00779,27,F,Shanghai,2025-10-06
U00780,70,F,Shanghai,2026-07-02
U00781,65,F,Dallas,2026-01-05
U00782,55,Other,London,2026-04-12
U00783,71,F,Los Angeles,2026-02-18
U00784,73,F,Dallas,2025-10-26
U00785,58,Other,Houston,2025-12-23
U00786,54,F,Shanghai,2026-05-23
U00787,27,F,Chicago,2025-10-11
U00788,32,Other,Shanghai,2026-06-29
U00789,47,M,Los Angeles,2026-01-15
U00790,33,Other,Philadelphia,2026-01-26
U00791,47,Other,Delhi,2025-09-27
U00792,69,Other,Shanghai,2026-02-26
U00793,18,F,Phoenix,2026-06-11
U00794,50,F,London,2025-12-20
U00795,40,M,San Antonio,2026-01-21
U00796,43,Other,Philadelphia,2026-02-14
U00797,35,Other,Tokyo,2026-05-26
U00798,39,F,Houston,2025-10-22
U00799,19,F,New York,2025-09-14
U00800,22,Other,Los Angeles,2026-07-10
U00801,57,M,Houston,2025-11-04
U00802,57,Other,Shanghai,2025-09-24
U00803,38,F,Mumbai,2026-07-18
U00804,23,M,Chicago,2026-05-01
U00805,27,F,Philadelphia,2026-07-08
U00806,26,M,Houston,2025-11-24
U00807,69,M,New York,2026-02-14
U00808,48,M,San Diego,2025-08-18
U00809,36,F,Chicago,2026-03-12
U00810,71,F,Shanghai,2026-02-23
U00811,56,Other,Phoenix,2026-06-01
U00812,22,Other,Delhi,2025-12-17
U00813,42,F,Shanghai,2026-05-26
U00814,60,F,Dallas,2026-02-20
U00815,30,Other,Philadelphia,2026-03-08
U00816,37,M,Mumbai,2026-05-14
U00817,58,F,Dallas,2026-04-05
U00818,75,F,Philadelphia,2026-08-10
U00819,28,Other,Shanghai,2026-04-06
U00820,68,Other,San Antonio,2025-12-28
U00821,24,Other,Los Angeles,2026-04-13
U00822,41,M,Dallas,2026-02-07
U00823,41,Other,Philadelphia,2025-09-13
U00824,55,Other,San Diego,2026-03-15
U00825,55,M,Chicago,2026-06-04
U00826,42,F,San Antonio,2026-06-19
U00827,49,F,Phoenix,2026-03-24
U00828,23,Other,Los Angeles,2026-07-03
U00829,34,M,Dallas,2026-04-19
U00830,24,M,Phoenix,2025-11-06
U00831,67,F,Delhi,2026-03-28
U00832,34,F,Houston,2026-01-18
U00833,50,Other,Phoenix,2025-10-23
U00834,70,Other,Houston,2025-09-21
U00835,18,F,Dallas,2026-04-01
U00836,63,Other,Los Angeles,2026-08-10
U00837,27,F,Houston,2026-07-10
U00838,36,Other,Houston,2026-03-22
U00839,39,Other,San Antonio,2025-09-19
U00840,22,M,Delhi,2026-08-14
U00841,46,F,Mumbai,2026-06-21
U00842,59,Other,Los Angeles,2026-01-27
U00843,68,F,Chicago,2026-07-10
U00844,28,F,San Jose,2025-12-31
U00845,69,F,Philadelphia,2026-02-22
U00846,53,M,Phoenix,2025-12-26
U00847,26,Other,Dallas,2026-07-12
U00848,66,F,Shanghai,2026-05-15
U00849,56,Other,Phoenix,2026-04-29
U00850,50,F,New York,2026-06-17
U00851,72,Other,Phoenix,2025-10-11
U00852,43,M,San Jose,2026-01-03
U00853,54,Other,Delhi,2025-10-10
U00854,40,Other,New York,2026-05-14
U00855,36,Other,Dallas,2026-04-02
U00856,34,Other,Philadelphia,2026-06-29
U00857,23,Other,San Diego,2025-09-21
U00858,44,F,Delhi,2026-05-08
U00859,24,F,Houston,2026-05-31
U00860,67,F,Phoenix,2026-08-09
U00861,46,Other,Delhi,2026-08-05
U00862,68,Other,Tokyo,2026-01-21
U00863,70,M,San Jose,2025-09-23
U00864,48,M,London,2025-10-23
U00865,20,M,Shanghai,2026-06-22
U00866,35,M,New York,2025-11-22
U00867,68,M,Mumbai,2026-04-23
U00868,65,M,Philadelphia,2025-10-13
U00869,23,M,Mumbai,2026-08-14
U00870,72,Other,Philadelphia,2026-05-09
U00871,62,F,Dallas,2025-12-21
U00872,21,M,Mumbai,2026-01-07
U00873,21,F,Shanghai,2026-08-09
U00874,35,M,Chicago,2025-08-31
U00875,24,Other,Chicago,2026-01-24
U00876,20,M,San Antonio,2026-08-10
U00877,21,Other,Chicago,2026-07-07
U00878,69,Other,Philadelphia,2025-10-25
U00879,52,M,Los Angeles,2026-03-23
U00880,22,F,Shanghai,2025-12-13
U00881,39,F,San Diego,2025-08-29
U00882,34,Other,Delhi,2026-08-06
U00883,58,Other,San Antonio,2025-11-02
U00884,57,Other,San Diego,2025-09-11
U00885,51,F,San Diego,2026-03-18
U00886,59,F,London,2026-01-04
U00887,63,M,Philadelphia,2025-09-12
U00888,21,Other,Philadelphia,2026-07-01
U00889,48,F,San Antonio,2026-07-14
U00890,29,F,Tokyo,2026-03-24
U00891,58,Other,Philadelphia,2025-09-17
U00892,41,Other,Shanghai,2026-03-20
U00893,28,Other,New York,2025-09-22
U00894,44,Other,San Diego,2026-06-04
U00895,19,M,Houston,2025-10-15
U00896,67,Other,Houston,2025-09-05
U00897,55,F,Mumbai,2026-06-15
U00898,63,F,San Antonio,2026-03-12
U00899,50,F,Los Angeles,2025-12-04
U00900,29,Other,Houston,2026-03-27
U00901,22,F,Houston,2026-04-19
U00902,41,Other,Shanghai,2026-04-25
U00903,52,M,Dallas,2026-02-09
U00904,39,M,San Antonio,2026-05-13
U00905,41,F,Philadelphia,2026-02-20
U00906,64,Other,Philadelphia,2026-06-24
U00907,61,F,London,2025-12-24
U00908,67,M,Houston,2026-04-01
U00909,24,Other,Dallas,2026-05-24
U00910,36,M,Dallas,2026-03-23
U00911,52,M,Shanghai,2026-02-06
U00912,26,F,Chicago,2026-06-28
U00913,39,F,Delhi,2025-12-14
U00914,37,Other,Philadelphia,2026-07-13
U00915,32,F,Shanghai,2026-01-01
U00916,23,F,Chicago,2026-08-08
U00917,63,F,Chicago,2025-10-27
U00918,72,F,New York,2025-10-01
U00919,51,M,San Diego,2026-05-13
U00920,55,Other,Houston,2026-05-20
U00921,50,M,Houston,2025-10-06
U00922,38,M,New York,2025-10-21
U00923,19,M,Delhi,2025-09-12
U00924,55,Other,Houston,2026-06-07
U00925,25,F,Philadelphia,2025-09-14
U00926,25,Other,San Jose,2025-11-21
U00927,41,F,Delhi,2025-12-18
U00928,69,F,Philadelphia,2026-05-15
U00929,51,M,Houston,2026-02-23
U00930,32,Other,Mumbai,2026-06-06
U00931,71,M,Delhi,2026-04-19
U00932,44,M,Dallas,2026-06-18
U00933,23,F,Dallas,2026-06-28
U00934,59,M,San Antonio,2026-03-14
U00935,20,Other,Houston,2026-04-01
U00936,62,Other,Los Angeles,2026-07-30
U00937,49,Other,Chicago,2025-11-07
U00938,59,F,Phoenix,2026-01-15
U00939,23,Other,London,2026-01-22
U00940,22,F,Chicago,2025-11-19
U00941,19,Other,Shanghai,2026-07-18
U00942,71,M,Houston,2025-11-12
U00943,18,F,San Diego,2025-11-26
U00944,58,M,Philadelphia,2025-09-14
U00945,58,F,Phoenix,2025-10-27
U00946,18,M,New York,2025-12-14
U00947,52,F,Delhi,2026-06-20
U00948,43,M,San Jose,2026-03-21
U00949,52,M,Tokyo,2026-04-17
U00950,46,Other,Dallas,2026-04-16
U00951,59,M,Dallas,2026-04-02
U00952,66,F,New York,2026-07-02
U00953,65,M,Mumbai,2025-09-16
U00954,59,F,Phoenix,2026-05-22
U00955,36,M,Los Angeles,2026-06-02
U00956,56,M,Mumbai,2026-01-22
U00957,34,F,Houston,2026-07-24
U00958,57,F,Shanghai,2026-02-07
U00959,35,Other,New York,2026-04-28
U00960,48,F,Tokyo,2026-02-20
U00961,38,Other,San Antonio,2025-10-17
U00962,50,F,Dallas,2025-12-16
U00963,64,F,Philadelphia,2026-02-10
U00964,40,F,Los Angeles,2025-08-19
U00965,54,M,Chicago,2026-05-12
U00966,30,F,New York,2026-06-19
U00967,66,F,Los Angeles,2026-02-16
U00968,26,F,Philadelphia,2026-04-15
U00969,74,M,Los Angeles,2026-06-05
U00970,24,M,Tokyo,2026-05-18
U00971,46,F,San Jose,2026-05-30
U00972,47,Other,Tokyo,2026-06-12
U00973,61,M,New York,2026-06-03
U00974,23,M,Chicago,2025-12-02
U00975,36,F,Tokyo,2026-03-13
U00976,71,Other,San Jose,2025-09-17
U00977,52,F,London,2026-06-02
U00978,30,Other,Los Angeles,2026-03-01
U00979,51,M,Philadelphia,2026-04-15
U00980,55,F,San Antonio,2025-09-22
U00981,52,Other,Shanghai,2026-01-13
U00982,32,F,Dallas,2026-02-12
U00983,72,Other,Dallas,2025-09-03
U00984,30,F,Delhi,2026-01-07
U00985,44,Other,San Antonio,2025-12-10
U00986,30,F,New York,2025-09-29
U00987,55,M,San Jose,2026-01-03
U00988,32,M,Shanghai,2026-03-22
U00989,50,Other,Tokyo,2025-12-06
U00990,53,M,London,2026-01-25
U00991,72,F,Shanghai,2025-09-01
U00992,45,Other,Mumbai,2026-05-05
U00993,21,Other,Shanghai,2026-05-07
U00994,46,M,San Diego,2025-10-07
U00995,29,M,San Antonio,2026-07-31
U00996,73,F,Delhi,2026-05-19
U00997,45,Other,San Antonio,2026-06-07
U00998,45,Other,Houston,2026-05-30
U00999,48,F,San Diego,2025-12-11
U01000,46,F,Mumbai,2026-04-14
